{
  "files": [
    {
      "fileName": "./../../s/OSS_Microsoft_OpenSSH_Dev/contrib/win32/openssh/LibreSSL/_manifest/spdx_2.2/manifest.spdx.json",
      "SPDXID": "SPDXRef-File--..-..-s-OSS-Microsoft-OpenSSH-Dev-contrib-win32-openssh-LibreSSL--manifest-spdx-2.2-manifest.spdx.json-703648163083F513D486D8363F525021A6D08A91",
      "checksums": [
        {
          "algorithm": "SHA256",
          "checksumValue": "a5ba1af446bc49e7079f5a8b4404aae546eebf05b1e772bd9738e2bed6355e3d"
        },
        {
          "algorithm": "SHA1",
          "checksumValue": "703648163083f513d486d8363f525021a6d08a91"
        }
      ],
      "licenseConcluded": "NOASSERTION",
      "licenseInfoInFiles": [
        "NOASSERTION"
      ],
      "copyrightText": "NOASSERTION",
      "fileTypes": [
        "SPDX"
      ]
    },
    {
      "fileName": "./../../s/OSS_Microsoft_OpenSSH_Dev/contrib/win32/openssh/ZLib/_manifest/spdx_2.2/manifest.spdx.json",
      "SPDXID": "SPDXRef-File--..-..-s-OSS-Microsoft-OpenSSH-Dev-contrib-win32-openssh-ZLib--manifest-spdx-2.2-manifest.spdx.json-954C206CEBFE20C7D8D6413FD131BEBDC36F9039",
      "checksums": [
        {
          "algorithm": "SHA256",
          "checksumValue": "f04a34415479d39b4c5496d2e07a5e0549a591cb98577baf0410639a17142ede"
        },
        {
          "algorithm": "SHA1",
          "checksumValue": "954c206cebfe20c7d8d6413fd131bebdc36f9039"
        }
      ],
      "licenseConcluded": "NOASSERTION",
      "licenseInfoInFiles": [
        "NOASSERTION"
      ],
      "copyrightText": "NOASSERTION",
      "fileTypes": [
        "SPDX"
      ]
    },
    {
      "fileName": "./../../s/OSS_Microsoft_OpenSSH_Dev/contrib/win32/openssh/libfido2/_manifest/spdx_2.2/manifest.spdx.json",
      "SPDXID": "SPDXRef-File--..-..-s-OSS-Microsoft-OpenSSH-Dev-contrib-win32-openssh-libfido2--manifest-spdx-2.2-manifest.spdx.json-310BD4FA72CEC9EE54E77223406471F26F78A856",
      "checksums": [
        {
          "algorithm": "SHA256",
          "checksumValue": "e8020ea98f2a9de0787225ae16299a633c102b87bc93cdfeb55166e7dcf2bf51"
        },
        {
          "algorithm": "SHA1",
          "checksumValue": "310bd4fa72cec9ee54e77223406471f26f78a856"
        }
      ],
      "licenseConcluded": "NOASSERTION",
      "licenseInfoInFiles": [
        "NOASSERTION"
      ],
      "copyrightText": "NOASSERTION",
      "fileTypes": [
        "SPDX"
      ]
    },
    {
      "fileName": "./FixHostFilePermissions.ps1",
      "SPDXID": "SPDXRef-File--FixHostFilePermissions.ps1-A2794CDA41223016F7A2AD43BED4833D37E889AA",
      "checksums": [
        {
          "algorithm": "SHA256",
          "checksumValue": "4cc47517a937a55dca4f679ca6684660bef95eefdea50c91b7cbe8778d19dd26"
        },
        {
          "algorithm": "SHA1",
          "checksumValue": "a2794cda41223016f7a2ad43bed4833d37e889aa"
        }
      ],
      "licenseConcluded": "NOASSERTION",
      "licenseInfoInFiles": [
        "NOASSERTION"
      ],
      "copyrightText": "NOASSERTION"
    },
    {
      "fileName": "./OpenSSHUtils.psd1",
      "SPDXID": "SPDXRef-File--OpenSSHUtils.psd1-3D1CD351CF8040BBC4FFF1E5603CE2D7D7E09CC6",
      "checksums": [
        {
          "algorithm": "SHA256",
          "checksumValue": "57eb7327b69eef67ee4c96005e4f7ad77b9d8ec20bad35126e0992599c289c9d"
        },
        {
          "algorithm": "SHA1",
          "checksumValue": "3d1cd351cf8040bbc4fff1e5603ce2d7d7e09cc6"
        }
      ],
      "licenseConcluded": "NOASSERTION",
      "licenseInfoInFiles": [
        "NOASSERTION"
      ],
      "copyrightText": "NOASSERTION"
    },
    {
      "fileName": "./ssh-keyscan.exe",
      "SPDXID": "SPDXRef-File--ssh-keyscan.exe-0D643DEFD2E5E76B175EE5733BF6FCF75EE5B11E",
      "checksums": [
        {
          "algorithm": "SHA256",
          "checksumValue": "cf46c4807c4b848f0b4b5d196080d9548fe1ae021a6dd957e9925ff2113b8e3e"
        },
        {
          "algorithm": "SHA1",
          "checksumValue": "0d643defd2e5e76b175ee5733bf6fcf75ee5b11e"
        }
      ],
      "licenseConcluded": "NOASSERTION",
      "licenseInfoInFiles": [
        "NOASSERTION"
      ],
      "copyrightText": "NOASSERTION"
    },
    {
      "fileName": "./LICENSE.txt",
      "SPDXID": "SPDXRef-File--LICENSE.txt-A7739A32F1926D71A9EB22D101287ECEA09A6AC5",
      "checksums": [
        {
          "algorithm": "SHA256",
          "checksumValue": "e6a25da96c2fccdc025caad56d99f87851ec3fe814a3cea83f2bc77ffc800681"
        },
        {
          "algorithm": "SHA1",
          "checksumValue": "a7739a32f1926d71a9eb22d101287ecea09a6ac5"
        }
      ],
      "licenseConcluded": "NOASSERTION",
      "licenseInfoInFiles": [
        "NOASSERTION"
      ],
      "copyrightText": "NOASSERTION"
    },
    {
      "fileName": "./sftp.exe",
      "SPDXID": "SPDXRef-File--sftp.exe-4525CF0B059ECCD47C60EC10595DA70CB38B350D",
      "checksums": [
        {
          "algorithm": "SHA256",
          "checksumValue": "2e7ff0edf57c7f0b9fe493b10101749d2818f31f60857728bdb532e19638913a"
        },
        {
          "algorithm": "SHA1",
          "checksumValue": "4525cf0b059eccd47c60ec10595da70cb38b350d"
        }
      ],
      "licenseConcluded": "NOASSERTION",
      "licenseInfoInFiles": [
        "NOASSERTION"
      ],
      "copyrightText": "NOASSERTION"
    },
    {
      "fileName": "./ssh.exe",
      "SPDXID": "SPDXRef-File--ssh.exe-C6CF56C2D85B878923AD21BAF71E278A5A0CA8DE",
      "checksums": [
        {
          "algorithm": "SHA256",
          "checksumValue": "60c4900845f7162768a26ac92fb8b2f528892c143e521e647af15fc48e681ffa"
        },
        {
          "algorithm": "SHA1",
          "checksumValue": "c6cf56c2d85b878923ad21baf71e278a5a0ca8de"
        }
      ],
      "licenseConcluded": "NOASSERTION",
      "licenseInfoInFiles": [
        "NOASSERTION"
      ],
      "copyrightText": "NOASSERTION"
    },
    {
      "fileName": "./NOTICE.txt",
      "SPDXID": "SPDXRef-File--NOTICE.txt-0C6BEDA8BE1A704C0C2615D4A481BACA0E56372D",
      "checksums": [
        {
          "algorithm": "SHA256",
          "checksumValue": "2cd5f5d0064bc909dfe0f0fc8f4787882c7c379f2730d89e5faa0c2bc57c620b"
        },
        {
          "algorithm": "SHA1",
          "checksumValue": "0c6beda8be1a704c0c2615d4a481baca0e56372d"
        }
      ],
      "licenseConcluded": "NOASSERTION",
      "licenseInfoInFiles": [
        "NOASSERTION"
      ],
      "copyrightText": "NOASSERTION"
    },
    {
      "fileName": "./ssh-agent.exe",
      "SPDXID": "SPDXRef-File--ssh-agent.exe-E81B24A4DF97C93B13D4C40576D17336727E863F",
      "checksums": [
        {
          "algorithm": "SHA256",
          "checksumValue": "7ea30c5332e1a2606fd01463eae26d6a248d56bc991c6da53f73507815a0490f"
        },
        {
          "algorithm": "SHA1",
          "checksumValue": "e81b24a4df97c93b13d4c40576d17336727e863f"
        }
      ],
      "licenseConcluded": "NOASSERTION",
      "licenseInfoInFiles": [
        "NOASSERTION"
      ],
      "copyrightText": "NOASSERTION"
    },
    {
      "fileName": "./sshd_config_default",
      "SPDXID": "SPDXRef-File--sshd-config-default-825CDEC4CF05869C74B01E7A1C8BF3C5E2C45CD8",
      "checksums": [
        {
          "algorithm": "SHA256",
          "checksumValue": "99f373a06dfa706f0a8a98d655c776850305b4b1ea3bf9a33fa926897bb15649"
        },
        {
          "algorithm": "SHA1",
          "checksumValue": "825cdec4cf05869c74b01e7a1c8bf3c5e2c45cd8"
        }
      ],
      "licenseConcluded": "NOASSERTION",
      "licenseInfoInFiles": [
        "NOASSERTION"
      ],
      "copyrightText": "NOASSERTION"
    },
    {
      "fileName": "./install-sshd.ps1",
      "SPDXID": "SPDXRef-File--install-sshd.ps1-65AE8DE465CA534984B3DEE8173513A605BA7276",
      "checksums": [
        {
          "algorithm": "SHA256",
          "checksumValue": "2a0ccb2b062d0e563e5cd0a6b917bf0ac9cc2f5f96a3292549225933eb71665d"
        },
        {
          "algorithm": "SHA1",
          "checksumValue": "65ae8de465ca534984b3dee8173513a605ba7276"
        }
      ],
      "licenseConcluded": "NOASSERTION",
      "licenseInfoInFiles": [
        "NOASSERTION"
      ],
      "copyrightText": "NOASSERTION"
    },
    {
      "fileName": "./scp.exe",
      "SPDXID": "SPDXRef-File--scp.exe-D8B6695DF1524195082D23740604D42FA2C1A531",
      "checksums": [
        {
          "algorithm": "SHA256",
          "checksumValue": "fc9fd2f3b5df337bc0635ec81da2bcd4f666cb66873b1127172b62695527e4ce"
        },
        {
          "algorithm": "SHA1",
          "checksumValue": "d8b6695df1524195082d23740604d42fa2c1a531"
        }
      ],
      "licenseConcluded": "NOASSERTION",
      "licenseInfoInFiles": [
        "NOASSERTION"
      ],
      "copyrightText": "NOASSERTION"
    },
    {
      "fileName": "./libcrypto.dll",
      "SPDXID": "SPDXRef-File--libcrypto.dll-15DCE343D6FCBC30E10BD72DAFC3D9EFC20C8FA7",
      "checksums": [
        {
          "algorithm": "SHA256",
          "checksumValue": "25b893223260764268e9b3c7b704b58c9a861a018ab85ecd128725d8964ad26f"
        },
        {
          "algorithm": "SHA1",
          "checksumValue": "15dce343d6fcbc30e10bd72dafc3d9efc20c8fa7"
        }
      ],
      "licenseConcluded": "NOASSERTION",
      "licenseInfoInFiles": [
        "NOASSERTION"
      ],
      "copyrightText": "NOASSERTION"
    },
    {
      "fileName": "./sftp-server.exe",
      "SPDXID": "SPDXRef-File--sftp-server.exe-2285DC3F252E6CF29CD584D6CCBEBD9FEDE1DD8D",
      "checksums": [
        {
          "algorithm": "SHA256",
          "checksumValue": "a2dcec12e000a6033f04f6a82b32776e83a1661b6fa5aaf77182a3079d628570"
        },
        {
          "algorithm": "SHA1",
          "checksumValue": "2285dc3f252e6cf29cd584d6ccbebd9fede1dd8d"
        }
      ],
      "licenseConcluded": "NOASSERTION",
      "licenseInfoInFiles": [
        "NOASSERTION"
      ],
      "copyrightText": "NOASSERTION"
    },
    {
      "fileName": "./moduli",
      "SPDXID": "SPDXRef-File--moduli-07BBADDD000D6BFC1F3C30A314A5208A5F8B3AEF",
      "checksums": [
        {
          "algorithm": "SHA256",
          "checksumValue": "cc12aebe3fb41a092e53cf41dd05029e5b93f336d67b5f941a6132e5440fdcc8"
        },
        {
          "algorithm": "SHA1",
          "checksumValue": "07bbaddd000d6bfc1f3c30a314a5208a5f8b3aef"
        }
      ],
      "licenseConcluded": "NOASSERTION",
      "licenseInfoInFiles": [
        "NOASSERTION"
      ],
      "copyrightText": "NOASSERTION"
    },
    {
      "fileName": "./openssh-events.man",
      "SPDXID": "SPDXRef-File--openssh-events.man-39F0E1C5FDF3F456EEAF9F1A5696A7CA64617F86",
      "checksums": [
        {
          "algorithm": "SHA256",
          "checksumValue": "c36019e53e3045cba2639bf35ed1e2498e3563b272533e53301165c31ab60199"
        },
        {
          "algorithm": "SHA1",
          "checksumValue": "39f0e1c5fdf3f456eeaf9f1a5696a7ca64617f86"
        }
      ],
      "licenseConcluded": "NOASSERTION",
      "licenseInfoInFiles": [
        "NOASSERTION"
      ],
      "copyrightText": "NOASSERTION"
    },
    {
      "fileName": "./FixUserFilePermissions.ps1",
      "SPDXID": "SPDXRef-File--FixUserFilePermissions.ps1-71F8932594910E8361F2243789C7EFF489A4EE51",
      "checksums": [
        {
          "algorithm": "SHA256",
          "checksumValue": "01c7d842c3a93c52a33230950d4b44dcc9fd7287951443961d544e217c8f42a9"
        },
        {
          "algorithm": "SHA1",
          "checksumValue": "71f8932594910e8361f2243789c7eff489a4ee51"
        }
      ],
      "licenseConcluded": "NOASSERTION",
      "licenseInfoInFiles": [
        "NOASSERTION"
      ],
      "copyrightText": "NOASSERTION"
    },
    {
      "fileName": "./ssh-add.exe",
      "SPDXID": "SPDXRef-File--ssh-add.exe-EA8B2B37080B4F42B6B3E40FC22BEA6D9D6A3F29",
      "checksums": [
        {
          "algorithm": "SHA256",
          "checksumValue": "62e067b62532cf5353585b2c94a4772a42a8281c8829ff782c6d8c441ce3396b"
        },
        {
          "algorithm": "SHA1",
          "checksumValue": "ea8b2b37080b4f42b6b3e40fc22bea6d9d6a3f29"
        }
      ],
      "licenseConcluded": "NOASSERTION",
      "licenseInfoInFiles": [
        "NOASSERTION"
      ],
      "copyrightText": "NOASSERTION"
    },
    {
      "fileName": "./OpenSSHUtils.psm1",
      "SPDXID": "SPDXRef-File--OpenSSHUtils.psm1-A91CF8DAEB71B759336101BBAD6CB27BE6A674EF",
      "checksums": [
        {
          "algorithm": "SHA256",
          "checksumValue": "d1f94118fb0d42a4640a9ae5dc330737168e792e487c752bac514e5b799fb51d"
        },
        {
          "algorithm": "SHA1",
          "checksumValue": "a91cf8daeb71b759336101bbad6cb27be6a674ef"
        }
      ],
      "licenseConcluded": "NOASSERTION",
      "licenseInfoInFiles": [
        "NOASSERTION"
      ],
      "copyrightText": "NOASSERTION"
    },
    {
      "fileName": "./ssh-keygen.exe",
      "SPDXID": "SPDXRef-File--ssh-keygen.exe-35A7300B383DF0C43429FB6CD06D776C7359C028",
      "checksums": [
        {
          "algorithm": "SHA256",
          "checksumValue": "ff4e77aeb3fe11afd14edd93eed175821b60b307fc741845250b499b71865523"
        },
        {
          "algorithm": "SHA1",
          "checksumValue": "35a7300b383df0c43429fb6cd06d776c7359c028"
        }
      ],
      "licenseConcluded": "NOASSERTION",
      "licenseInfoInFiles": [
        "NOASSERTION"
      ],
      "copyrightText": "NOASSERTION"
    },
    {
      "fileName": "./uninstall-sshd.ps1",
      "SPDXID": "SPDXRef-File--uninstall-sshd.ps1-DDD314D6FDA489C02ED49C08F014A5664A83E109",
      "checksums": [
        {
          "algorithm": "SHA256",
          "checksumValue": "2543b6381b87b8bea0624e13f8df5196dd1fd1d27e538a1e34676f6716f38793"
        },
        {
          "algorithm": "SHA1",
          "checksumValue": "ddd314d6fda489c02ed49c08f014a5664a83e109"
        }
      ],
      "licenseConcluded": "NOASSERTION",
      "licenseInfoInFiles": [
        "NOASSERTION"
      ],
      "copyrightText": "NOASSERTION"
    },
    {
      "fileName": "./ssh-shellhost.exe",
      "SPDXID": "SPDXRef-File--ssh-shellhost.exe-667110DB89218F91BD46F13F2E02EA0012B0BF81",
      "checksums": [
        {
          "algorithm": "SHA256",
          "checksumValue": "fa781beb694e0ffdb0ded97645749b8fbb0d67feea351d0884c85b45318cca70"
        },
        {
          "algorithm": "SHA1",
          "checksumValue": "667110db89218f91bd46f13f2e02ea0012b0bf81"
        }
      ],
      "licenseConcluded": "NOASSERTION",
      "licenseInfoInFiles": [
        "NOASSERTION"
      ],
      "copyrightText": "NOASSERTION"
    },
    {
      "fileName": "./ssh-sk-helper.exe",
      "SPDXID": "SPDXRef-File--ssh-sk-helper.exe-E755CC92B0086B5ED216BD630DCB3163A82FCBA4",
      "checksums": [
        {
          "algorithm": "SHA256",
          "checksumValue": "053230d46c6f8cf62480138f9a216b337278bca20e40e50371d28de3befd95d6"
        },
        {
          "algorithm": "SHA1",
          "checksumValue": "e755cc92b0086b5ed216bd630dcb3163a82fcba4"
        }
      ],
      "licenseConcluded": "NOASSERTION",
      "licenseInfoInFiles": [
        "NOASSERTION"
      ],
      "copyrightText": "NOASSERTION"
    },
    {
      "fileName": "./sshd.exe",
      "SPDXID": "SPDXRef-File--sshd.exe-FB057BC4E684D0184D2FC2472A075E40B06048E3",
      "checksums": [
        {
          "algorithm": "SHA256",
          "checksumValue": "b8f627d605a38c8b3c2c02eefbebb8560eed523fdaa1f6cac2164bd893586868"
        },
        {
          "algorithm": "SHA1",
          "checksumValue": "fb057bc4e684d0184d2fc2472a075e40b06048e3"
        }
      ],
      "licenseConcluded": "NOASSERTION",
      "licenseInfoInFiles": [
        "NOASSERTION"
      ],
      "copyrightText": "NOASSERTION"
    },
    {
      "fileName": "./ssh-pkcs11-helper.exe",
      "SPDXID": "SPDXRef-File--ssh-pkcs11-helper.exe-B7BB23D9603F31B3BDE47B06D7B7C38F1532C257",
      "checksums": [
        {
          "algorithm": "SHA256",
          "checksumValue": "6acd1147029181ab88056dd942cd2b63d01f19556910943647472570f1522aa9"
        },
        {
          "algorithm": "SHA1",
          "checksumValue": "b7bb23d9603f31b3bde47b06d7b7c38f1532c257"
        }
      ],
      "licenseConcluded": "NOASSERTION",
      "licenseInfoInFiles": [
        "NOASSERTION"
      ],
      "copyrightText": "NOASSERTION"
    }
  ],
  "packages": [
    {
      "name": "zlib",
      "SPDXID": "SPDXRef-Package-E1D6D1090EC004EF8E5ACE051FE39067A45BFF860C462BE7D8FC326764DFF027",
      "downloadLocation": "http://zlib.net/",
      "filesAnalyzed": false,
      "licenseConcluded": "NOASSERTION",
      "licenseDeclared": "NOASSERTION",
      "copyrightText": "NOASSERTION",
      "versionInfo": "1.3",
      "supplier": "NOASSERTION"
    },
    {
      "name": "powershell_libressl",
      "SPDXID": "SPDXRef-Package-66BF7592AFBC2CD50D9FC5F18ABAFA76ABBBF9C3F2847C95D1F99D150B3CE46D",
      "downloadLocation": "https://github.com/PowerShell/LibreSSL/releases/tag/V3.8.2.0.zip",
      "filesAnalyzed": false,
      "licenseConcluded": "NOASSERTION",
      "licenseDeclared": "NOASSERTION",
      "copyrightText": "NOASSERTION",
      "versionInfo": "3.8.2.0",
      "supplier": "NOASSERTION"
    },
    {
      "name": "powershell_libfido2",
      "SPDXID": "SPDXRef-Package-9E6200C7AEF3072AC50B4F0750F7AC3C0E12DF663CC774902350E2D9FD416A81",
      "downloadLocation": "https://github.com/PowerShell/libfido2/archive/refs/tags/1.14.0.zip",
      "filesAnalyzed": false,
      "licenseConcluded": "NOASSERTION",
      "licenseDeclared": "NOASSERTION",
      "copyrightText": "NOASSERTION",
      "versionInfo": "1.14.0",
      "supplier": "NOASSERTION"
    },
    {
      "name": "libfido2",
      "SPDXID": "SPDXRef-Package-EF6CDF9F1FC7596E226D734530809E9E82AD8AF8A15D3F13085AB4E09523033E",
      "downloadLocation": "https://github.com/Yubico/libfido2",
      "filesAnalyzed": false,
      "licenseConcluded": "NOASSERTION",
      "licenseDeclared": "NOASSERTION",
      "copyrightText": "NOASSERTION",
      "versionInfo": "1.14.0",
      "supplier": "NOASSERTION"
    },
    {
      "name": "libcbor",
      "SPDXID": "SPDXRef-Package-E17DDC71403E9F2B1007C3A60AE26F724C7E742A1D6D5FBE9816B0532D7F73B9",
      "downloadLocation": "https://github.com/PJK/libcbor",
      "filesAnalyzed": false,
      "licenseConcluded": "NOASSERTION",
      "licenseDeclared": "NOASSERTION",
      "copyrightText": "NOASSERTION",
      "versionInfo": "0.10.1",
      "supplier": "NOASSERTION"
    },
    {
      "name": "powershell_zlib",
      "SPDXID": "SPDXRef-Package-8E19BEDF1EF380B338DB20F1048FF763D0578C185910D40C62204AFA51D29532",
      "downloadLocation": "https://github.com/PowerShell/ZLib/releases/tag/V1.3.zip",
      "filesAnalyzed": false,
      "licenseConcluded": "NOASSERTION",
      "licenseDeclared": "NOASSERTION",
      "copyrightText": "NOASSERTION",
      "versionInfo": "1.3",
      "supplier": "NOASSERTION"
    },
    {
      "name": "libressl",
      "SPDXID": "SPDXRef-Package-CABBB102315F68264C755296D76A974F23AAD1EFA8EF89711C4E89929131792F",
      "downloadLocation": "https://www.libressl.org/",
      "filesAnalyzed": false,
      "licenseConcluded": "NOASSERTION",
      "licenseDeclared": "NOASSERTION",
      "copyrightText": "NOASSERTION",
      "versionInfo": "3.8.2.0",
      "supplier": "NOASSERTION"
    },
    {
      "name": "Microsoft.Telemetry.Inbox.Native",
      "SPDXID": "SPDXRef-Package-0E13AAD00D3394DF297FCA773EC1B0EDEF66F936E6C99311CBC4763108E2033B",
      "downloadLocation": "NOASSERTION",
      "filesAnalyzed": false,
      "licenseConcluded": "NOASSERTION",
      "licenseDeclared": "NOASSERTION",
      "copyrightText": "NOASSERTION",
      "versionInfo": "10.0.18362.1-190318-1202.19h1-release.amd64fre",
      "externalRefs": [
        {
          "referenceCategory": "PACKAGE-MANAGER",
          "referenceType": "purl",
          "referenceLocator": "pkg:nuget/Microsoft.Telemetry.Inbox.Native@10.0.18362.1-190318-1202.19h1-release.amd64fre"
        }
      ],
      "supplier": "NOASSERTION"
    },
    {
      "name": "powershell_libcbor",
      "SPDXID": "SPDXRef-Package-0633FC36A057DF0C87EED52E5DEDF9B329FB7D81AAA4F276018A43EA45B452BD",
      "downloadLocation": "https://github.com/PowerShell/libcbor",
      "filesAnalyzed": false,
      "licenseConcluded": "NOASSERTION",
      "licenseDeclared": "NOASSERTION",
      "copyrightText": "NOASSERTION",
      "versionInfo": "0.10.1",
      "supplier": "NOASSERTION"
    },
    {
      "name": "OpenSSH",
      "SPDXID": "SPDXRef-RootPackage",
      "downloadLocation": "NOASSERTION",
      "packageVerificationCode": {
        "packageVerificationCodeValue": "b58bf07177f83e5dd445345d81d261d529504daf"
      },
      "filesAnalyzed": true,
      "licenseConcluded": "NOASSERTION",
      "licenseInfoFromFiles": [
        "NOASSERTION"
      ],
      "licenseDeclared": "NOASSERTION",
      "copyrightText": "NOASSERTION",
      "versionInfo": "v9.5.0.0",
      "externalRefs": [
        {
          "referenceCategory": "PACKAGE-MANAGER",
          "referenceType": "purl",
          "referenceLocator": "pkg:swid/Microsoft/sbom.microsoft/OpenSSH@v9.5.0.0?tag_id=ca4ea6f7-62cd-4f3f-9354-cf5795d51fe7"
        }
      ],
      "supplier": "Organization: Microsoft",
      "hasFiles": [
        "SPDXRef-File--ssh-pkcs11-helper.exe-B7BB23D9603F31B3BDE47B06D7B7C38F1532C257",
        "SPDXRef-File--ssh-shellhost.exe-667110DB89218F91BD46F13F2E02EA0012B0BF81",
        "SPDXRef-File--sshd.exe-FB057BC4E684D0184D2FC2472A075E40B06048E3",
        "SPDXRef-File--ssh-sk-helper.exe-E755CC92B0086B5ED216BD630DCB3163A82FCBA4",
        "SPDXRef-File--uninstall-sshd.ps1-DDD314D6FDA489C02ED49C08F014A5664A83E109",
        "SPDXRef-File--ssh-keygen.exe-35A7300B383DF0C43429FB6CD06D776C7359C028",
        "SPDXRef-File--OpenSSHUtils.psm1-A91CF8DAEB71B759336101BBAD6CB27BE6A674EF",
        "SPDXRef-File--ssh-add.exe-EA8B2B37080B4F42B6B3E40FC22BEA6D9D6A3F29",
        "SPDXRef-File--FixUserFilePermissions.ps1-71F8932594910E8361F2243789C7EFF489A4EE51",
        "SPDXRef-File--openssh-events.man-39F0E1C5FDF3F456EEAF9F1A5696A7CA64617F86",
        "SPDXRef-File--moduli-07BBADDD000D6BFC1F3C30A314A5208A5F8B3AEF",
        "SPDXRef-File--sftp-server.exe-2285DC3F252E6CF29CD584D6CCBEBD9FEDE1DD8D",
        "SPDXRef-File--libcrypto.dll-15DCE343D6FCBC30E10BD72DAFC3D9EFC20C8FA7",
        "SPDXRef-File--scp.exe-D8B6695DF1524195082D23740604D42FA2C1A531",
        "SPDXRef-File--install-sshd.ps1-65AE8DE465CA534984B3DEE8173513A605BA7276",
        "SPDXRef-File--sshd-config-default-825CDEC4CF05869C74B01E7A1C8BF3C5E2C45CD8",
        "SPDXRef-File--ssh-agent.exe-E81B24A4DF97C93B13D4C40576D17336727E863F",
        "SPDXRef-File--NOTICE.txt-0C6BEDA8BE1A704C0C2615D4A481BACA0E56372D",
        "SPDXRef-File--ssh.exe-C6CF56C2D85B878923AD21BAF71E278A5A0CA8DE",
        "SPDXRef-File--sftp.exe-4525CF0B059ECCD47C60EC10595DA70CB38B350D",
        "SPDXRef-File--LICENSE.txt-A7739A32F1926D71A9EB22D101287ECEA09A6AC5",
        "SPDXRef-File--ssh-keyscan.exe-0D643DEFD2E5E76B175EE5733BF6FCF75EE5B11E",
        "SPDXRef-File--OpenSSHUtils.psd1-3D1CD351CF8040BBC4FFF1E5603CE2D7D7E09CC6",
        "SPDXRef-File--FixHostFilePermissions.ps1-A2794CDA41223016F7A2AD43BED4833D37E889AA"
      ]
    }
  ],
  "externalDocumentRefs": [
    {
      "externalDocumentId": "DocumentRef-LibreSSL-3.8.2-703648163083f513d486d8363f525021a6d08a91",
      "spdxDocument": "https://sbom.microsoft/1:2QSF7qZlbE-F7QrUJlEo7g:Ifmy0CRpKEe0S33n1Rdb-w/1750:435379/LibreSSL:3.8.2:ZQ-1YmWb40uaupP_NzN-UA",
      "checksum": {
        "algorithm": "SHA1",
        "checksumValue": "703648163083f513d486d8363f525021a6d08a91"
      }
    },
    {
      "externalDocumentId": "DocumentRef-libfido2-1.9.0-310bd4fa72cec9ee54e77223406471f26f78a856",
      "spdxDocument": "https://sbom.microsoft/1:2QSF7qZlbE-F7QrUJlEo7g:Ifmy0CRpKEe0S33n1Rdb-w/1853:435610/libfido2:1.9.0:93nfKlPFskqYActXB9ihUQ",
      "checksum": {
        "algorithm": "SHA1",
        "checksumValue": "310bd4fa72cec9ee54e77223406471f26f78a856"
      }
    },
    {
      "externalDocumentId": "DocumentRef-ZLib-1.3-954c206cebfe20c7d8d6413fd131bebdc36f9039",
      "spdxDocument": "https://sbom.microsoft/1:2QSF7qZlbE-F7QrUJlEo7g:Ifmy0CRpKEe0S33n1Rdb-w/1748:435286/ZLib:1.3:31b8OLNRLEmOO3WeVkbPxQ",
      "checksum": {
        "algorithm": "SHA1",
        "checksumValue": "954c206cebfe20c7d8d6413fd131bebdc36f9039"
      }
    }
  ],
  "relationships": [
    {
      "relationshipType": "PREREQUISITE_FOR",
      "relatedSpdxElement": "DocumentRef-ZLib-1.3-954c206cebfe20c7d8d6413fd131bebdc36f9039:SPDXRef-RootPackage",
      "spdxElementId": "SPDXRef-RootPackage"
    },
    {
      "relationshipType": "DESCRIBES",
      "relatedSpdxElement": "SPDXRef-RootPackage",
      "spdxElementId": "SPDXRef-DOCUMENT"
    },
    {
      "relationshipType": "DEPENDS_ON",
      "relatedSpdxElement": "SPDXRef-Package-0633FC36A057DF0C87EED52E5DEDF9B329FB7D81AAA4F276018A43EA45B452BD",
      "spdxElementId": "SPDXRef-RootPackage"
    },
    {
      "relationshipType": "DESCRIBED_BY",
      "relatedSpdxElement": "SPDXRef-DOCUMENT",
      "spdxElementId": "SPDXRef-File--..-..-s-OSS-Microsoft-OpenSSH-Dev-contrib-win32-openssh-LibreSSL--manifest-spdx-2.2-manifest.spdx.json-703648163083F513D486D8363F525021A6D08A91"
    },
    {
      "relationshipType": "DEPENDS_ON",
      "relatedSpdxElement": "SPDXRef-Package-0E13AAD00D3394DF297FCA773EC1B0EDEF66F936E6C99311CBC4763108E2033B",
      "spdxElementId": "SPDXRef-RootPackage"
    },
    {
      "relationshipType": "PREREQUISITE_FOR",
      "relatedSpdxElement": "DocumentRef-libfido2-1.9.0-310bd4fa72cec9ee54e77223406471f26f78a856:SPDXRef-RootPackage",
      "spdxElementId": "SPDXRef-RootPackage"
    },
    {
      "relationshipType": "DEPENDS_ON",
      "relatedSpdxElement": "SPDXRef-Package-EF6CDF9F1FC7596E226D734530809E9E82AD8AF8A15D3F13085AB4E09523033E",
      "spdxElementId": "SPDXRef-RootPackage"
    },
    {
      "relationshipType": "DEPENDS_ON",
      "relatedSpdxElement": "SPDXRef-Package-E17DDC71403E9F2B1007C3A60AE26F724C7E742A1D6D5FBE9816B0532D7F73B9",
      "spdxElementId": "SPDXRef-RootPackage"
    },
    {
      "relationshipType": "DESCRIBED_BY",
      "relatedSpdxElement": "SPDXRef-DOCUMENT",
      "spdxElementId": "SPDXRef-File--..-..-s-OSS-Microsoft-OpenSSH-Dev-contrib-win32-openssh-ZLib--manifest-spdx-2.2-manifest.spdx.json-954C206CEBFE20C7D8D6413FD131BEBDC36F9039"
    },
    {
      "relationshipType": "DEPENDS_ON",
      "relatedSpdxElement": "SPDXRef-Package-66BF7592AFBC2CD50D9FC5F18ABAFA76ABBBF9C3F2847C95D1F99D150B3CE46D",
      "spdxElementId": "SPDXRef-RootPackage"
    },
    {
      "relationshipType": "PREREQUISITE_FOR",
      "relatedSpdxElement": "DocumentRef-LibreSSL-3.8.2-703648163083f513d486d8363f525021a6d08a91:SPDXRef-RootPackage",
      "spdxElementId": "SPDXRef-RootPackage"
    },
    {
      "relationshipType": "DEPENDS_ON",
      "relatedSpdxElement": "SPDXRef-Package-CABBB102315F68264C755296D76A974F23AAD1EFA8EF89711C4E89929131792F",
      "spdxElementId": "SPDXRef-RootPackage"
    },
    {
      "relationshipType": "DESCRIBED_BY",
      "relatedSpdxElement": "SPDXRef-DOCUMENT",
      "spdxElementId": "SPDXRef-File--..-..-s-OSS-Microsoft-OpenSSH-Dev-contrib-win32-openssh-libfido2--manifest-spdx-2.2-manifest.spdx.json-310BD4FA72CEC9EE54E77223406471F26F78A856"
    },
    {
      "relationshipType": "DEPENDS_ON",
      "relatedSpdxElement": "SPDXRef-Package-9E6200C7AEF3072AC50B4F0750F7AC3C0E12DF663CC774902350E2D9FD416A81",
      "spdxElementId": "SPDXRef-RootPackage"
    },
    {
      "relationshipType": "DEPENDS_ON",
      "relatedSpdxElement": "SPDXRef-Package-8E19BEDF1EF380B338DB20F1048FF763D0578C185910D40C62204AFA51D29532",
      "spdxElementId": "SPDXRef-RootPackage"
    },
    {
      "relationshipType": "DEPENDS_ON",
      "relatedSpdxElement": "SPDXRef-Package-E1D6D1090EC004EF8E5ACE051FE39067A45BFF860C462BE7D8FC326764DFF027",
      "spdxElementId": "SPDXRef-RootPackage"
    }
  ],
  "spdxVersion": "SPDX-2.2",
  "dataLicense": "CC0-1.0",
  "SPDXID": "SPDXRef-DOCUMENT",
  "name": "OpenSSH v9.5.0.0",
  "documentNamespace": "https://sbom.microsoft/1:2QSF7qZlbE-F7QrUJlEo7g:Ifmy0CRpKEe0S33n1Rdb-w/1908:435989/OpenSSH:v9.5.0.0:Npt-l5B9J02nIeA86y394g",
  "creationInfo": {
    "created": "2023-12-13T16:51:06Z",
    "creators": [
      "Organization: Microsoft",
      "Tool: Microsoft.SBOMTool-2.2.1"
    ]
  },
  "documentDescribes": [
    "SPDXRef-RootPackage"
  ]
}