{
  "files": [
    {
      "fileName": "./../../s/OSS_Microsoft_OpenSSH_Dev/contrib/win32/openssh/ZLib/_manifest/spdx_2.2/manifest.spdx.json",
      "SPDXID": "SPDXRef-File--..-..-s-OSS-Microsoft-OpenSSH-Dev-contrib-win32-openssh-ZLib--manifest-spdx-2.2-manifest.spdx.json-25599F97CEDC67D207728F4A17D7964C1C334C17",
      "checksums": [
        {
          "algorithm": "SHA256",
          "checksumValue": "ac94062a00f2a41900b3b8dc8b1ffd53004a936443853e3abc2ca9bb591aadb2"
        },
        {
          "algorithm": "SHA1",
          "checksumValue": "25599f97cedc67d207728f4a17d7964c1c334c17"
        }
      ],
      "licenseConcluded": "NOASSERTION",
      "licenseInfoInFiles": [
        "NOASSERTION"
      ],
      "copyrightText": "NOASSERTION",
      "fileTypes": [
        "SPDX"
      ]
    },
    {
      "fileName": "./../../s/OSS_Microsoft_OpenSSH_Dev/contrib/win32/openssh/LibreSSL/_manifest/spdx_2.2/manifest.spdx.json",
      "SPDXID": "SPDXRef-File--..-..-s-OSS-Microsoft-OpenSSH-Dev-contrib-win32-openssh-LibreSSL--manifest-spdx-2.2-manifest.spdx.json-C436EE80FDB5B090F617CDD6CE736561A9C4DB98",
      "checksums": [
        {
          "algorithm": "SHA256",
          "checksumValue": "b5f2abf591bea1edbaf3e9a3bd0abd922c9fa12e5db1f13219457af263c71a2d"
        },
        {
          "algorithm": "SHA1",
          "checksumValue": "c436ee80fdb5b090f617cdd6ce736561a9c4db98"
        }
      ],
      "licenseConcluded": "NOASSERTION",
      "licenseInfoInFiles": [
        "NOASSERTION"
      ],
      "copyrightText": "NOASSERTION",
      "fileTypes": [
        "SPDX"
      ]
    },
    {
      "fileName": "./../../s/OSS_Microsoft_OpenSSH_Dev/contrib/win32/openssh/libfido2/_manifest/spdx_2.2/manifest.spdx.json",
      "SPDXID": "SPDXRef-File--..-..-s-OSS-Microsoft-OpenSSH-Dev-contrib-win32-openssh-libfido2--manifest-spdx-2.2-manifest.spdx.json-FAFB024111B424EDE04E78A28EDFCE894549C7F5",
      "checksums": [
        {
          "algorithm": "SHA256",
          "checksumValue": "ba485f29802a8003acaf45a6b026e99ca12923d9179d16ae5ffa5d1fdead14ea"
        },
        {
          "algorithm": "SHA1",
          "checksumValue": "fafb024111b424ede04e78a28edfce894549c7f5"
        }
      ],
      "licenseConcluded": "NOASSERTION",
      "licenseInfoInFiles": [
        "NOASSERTION"
      ],
      "copyrightText": "NOASSERTION",
      "fileTypes": [
        "SPDX"
      ]
    },
    {
      "fileName": "./FixHostFilePermissions.ps1",
      "SPDXID": "SPDXRef-File--FixHostFilePermissions.ps1-9598A0CF83B18E9889327FE772B1FF4E1E7EA9DA",
      "checksums": [
        {
          "algorithm": "SHA256",
          "checksumValue": "07a536f700a48ba69ce4fc7d57a020a7a4f5ae1839dd3c774d1c8509c3bea4a0"
        },
        {
          "algorithm": "SHA1",
          "checksumValue": "9598a0cf83b18e9889327fe772b1ff4e1e7ea9da"
        }
      ],
      "licenseConcluded": "NOASSERTION",
      "licenseInfoInFiles": [
        "NOASSERTION"
      ],
      "copyrightText": "NOASSERTION"
    },
    {
      "fileName": "./OpenSSHUtils.psd1",
      "SPDXID": "SPDXRef-File--OpenSSHUtils.psd1-C353426931DA88BE31D4429E186B9C36A8D1CA9F",
      "checksums": [
        {
          "algorithm": "SHA256",
          "checksumValue": "99005bb78641d53a5263118a065140d1c9fb3efdc5f5425cf573e008218a9cf2"
        },
        {
          "algorithm": "SHA1",
          "checksumValue": "c353426931da88be31d4429e186b9c36a8d1ca9f"
        }
      ],
      "licenseConcluded": "NOASSERTION",
      "licenseInfoInFiles": [
        "NOASSERTION"
      ],
      "copyrightText": "NOASSERTION"
    },
    {
      "fileName": "./ssh-keyscan.exe",
      "SPDXID": "SPDXRef-File--ssh-keyscan.exe-B996994C07F26EF37E9DC08B6ED9F4E9885B8FC1",
      "checksums": [
        {
          "algorithm": "SHA256",
          "checksumValue": "7e174922d9d744c417dee3e79fa5e402f4338202d8d71ef372ecd81e9c809c58"
        },
        {
          "algorithm": "SHA1",
          "checksumValue": "b996994c07f26ef37e9dc08b6ed9f4e9885b8fc1"
        }
      ],
      "licenseConcluded": "NOASSERTION",
      "licenseInfoInFiles": [
        "NOASSERTION"
      ],
      "copyrightText": "NOASSERTION"
    },
    {
      "fileName": "./FixUserFilePermissions.ps1",
      "SPDXID": "SPDXRef-File--FixUserFilePermissions.ps1-93F1DA08F8BF7F42B60FCF3FC1E5A520620F569B",
      "checksums": [
        {
          "algorithm": "SHA256",
          "checksumValue": "1d8ae0454f394495cbdcb2ec388cbdea58dd276d900b4cd28ca5c035ff17e4f2"
        },
        {
          "algorithm": "SHA1",
          "checksumValue": "93f1da08f8bf7f42b60fcf3fc1e5a520620f569b"
        }
      ],
      "licenseConcluded": "NOASSERTION",
      "licenseInfoInFiles": [
        "NOASSERTION"
      ],
      "copyrightText": "NOASSERTION"
    },
    {
      "fileName": "./OpenSSHUtils.psm1",
      "SPDXID": "SPDXRef-File--OpenSSHUtils.psm1-95047B8096DE8AF57E93DFA5C12D8231CA092414",
      "checksums": [
        {
          "algorithm": "SHA256",
          "checksumValue": "ffa9a87ae6c2e1e2353672cdc523a3749140a796fcd402d4909640bce6e3873e"
        },
        {
          "algorithm": "SHA1",
          "checksumValue": "95047b8096de8af57e93dfa5c12d8231ca092414"
        }
      ],
      "licenseConcluded": "NOASSERTION",
      "licenseInfoInFiles": [
        "NOASSERTION"
      ],
      "copyrightText": "NOASSERTION"
    },
    {
      "fileName": "./ssh-pkcs11-helper.exe",
      "SPDXID": "SPDXRef-File--ssh-pkcs11-helper.exe-478B11395CAFE9E9304886FBAE122E40D1F420EC",
      "checksums": [
        {
          "algorithm": "SHA256",
          "checksumValue": "8ed7b6a96b1b360cb11470ea7d1c060ae18d6baa2190ad73b1a34f36e0fa5c19"
        },
        {
          "algorithm": "SHA1",
          "checksumValue": "478b11395cafe9e9304886fbae122e40d1f420ec"
        }
      ],
      "licenseConcluded": "NOASSERTION",
      "licenseInfoInFiles": [
        "NOASSERTION"
      ],
      "copyrightText": "NOASSERTION"
    },
    {
      "fileName": "./install-sshd.ps1",
      "SPDXID": "SPDXRef-File--install-sshd.ps1-B78DA40893D9045871490E534A02BB128CB69C78",
      "checksums": [
        {
          "algorithm": "SHA256",
          "checksumValue": "b044d1f34d373ba5a261b82af2aaf190b5f7cb12481defad6ea181497418ceed"
        },
        {
          "algorithm": "SHA1",
          "checksumValue": "b78da40893d9045871490e534a02bb128cb69c78"
        }
      ],
      "licenseConcluded": "NOASSERTION",
      "licenseInfoInFiles": [
        "NOASSERTION"
      ],
      "copyrightText": "NOASSERTION"
    },
    {
      "fileName": "./scp.exe",
      "SPDXID": "SPDXRef-File--scp.exe-7D35D7D5A27F982BB249D0300CF141AB091D043C",
      "checksums": [
        {
          "algorithm": "SHA256",
          "checksumValue": "0440ef4e1e057784288eca926b610aff66b1b82d444b335baccdca2b4bba303f"
        },
        {
          "algorithm": "SHA1",
          "checksumValue": "7d35d7d5a27f982bb249d0300cf141ab091d043c"
        }
      ],
      "licenseConcluded": "NOASSERTION",
      "licenseInfoInFiles": [
        "NOASSERTION"
      ],
      "copyrightText": "NOASSERTION"
    },
    {
      "fileName": "./ssh-shellhost.exe",
      "SPDXID": "SPDXRef-File--ssh-shellhost.exe-1302501AAF0C7501D69CF9DD608C3628BD1B8627",
      "checksums": [
        {
          "algorithm": "SHA256",
          "checksumValue": "348be46b407721b82ffc9c2a0d583d94017595533efbae24dfe61f64fe199678"
        },
        {
          "algorithm": "SHA1",
          "checksumValue": "1302501aaf0c7501d69cf9dd608c3628bd1b8627"
        }
      ],
      "licenseConcluded": "NOASSERTION",
      "licenseInfoInFiles": [
        "NOASSERTION"
      ],
      "copyrightText": "NOASSERTION"
    },
    {
      "fileName": "./LICENSE.txt",
      "SPDXID": "SPDXRef-File--LICENSE.txt-A7739A32F1926D71A9EB22D101287ECEA09A6AC5",
      "checksums": [
        {
          "algorithm": "SHA256",
          "checksumValue": "e6a25da96c2fccdc025caad56d99f87851ec3fe814a3cea83f2bc77ffc800681"
        },
        {
          "algorithm": "SHA1",
          "checksumValue": "a7739a32f1926d71a9eb22d101287ecea09a6ac5"
        }
      ],
      "licenseConcluded": "NOASSERTION",
      "licenseInfoInFiles": [
        "NOASSERTION"
      ],
      "copyrightText": "NOASSERTION"
    },
    {
      "fileName": "./sftp.exe",
      "SPDXID": "SPDXRef-File--sftp.exe-A7C6774E0E77AD4485D53B845A75731C8DA46224",
      "checksums": [
        {
          "algorithm": "SHA256",
          "checksumValue": "0cdf71790dfcb0ca4b3a1c4802ea4bb20eb3747b5ee7b0b7cd8e23c79eedce7c"
        },
        {
          "algorithm": "SHA1",
          "checksumValue": "a7c6774e0e77ad4485d53b845a75731c8da46224"
        }
      ],
      "licenseConcluded": "NOASSERTION",
      "licenseInfoInFiles": [
        "NOASSERTION"
      ],
      "copyrightText": "NOASSERTION"
    },
    {
      "fileName": "./ssh.exe",
      "SPDXID": "SPDXRef-File--ssh.exe-011C90C704BB4782001D6E6CE1C647BF2BB17E01",
      "checksums": [
        {
          "algorithm": "SHA256",
          "checksumValue": "2afb05a73ddb32ae71ebdc726a9956d844bf8f0deba339928ca8edce6427df71"
        },
        {
          "algorithm": "SHA1",
          "checksumValue": "011c90c704bb4782001d6e6ce1c647bf2bb17e01"
        }
      ],
      "licenseConcluded": "NOASSERTION",
      "licenseInfoInFiles": [
        "NOASSERTION"
      ],
      "copyrightText": "NOASSERTION"
    },
    {
      "fileName": "./libcrypto.dll",
      "SPDXID": "SPDXRef-File--libcrypto.dll-B17EED8CB6F454700F8BFCFD315D5627D3CF741C",
      "checksums": [
        {
          "algorithm": "SHA256",
          "checksumValue": "6562ae65844bd9bb6d70908bfb67bc03e85053e6e0673457b0341a7ad5a957d5"
        },
        {
          "algorithm": "SHA1",
          "checksumValue": "b17eed8cb6f454700f8bfcfd315d5627d3cf741c"
        }
      ],
      "licenseConcluded": "NOASSERTION",
      "licenseInfoInFiles": [
        "NOASSERTION"
      ],
      "copyrightText": "NOASSERTION"
    },
    {
      "fileName": "./sftp-server.exe",
      "SPDXID": "SPDXRef-File--sftp-server.exe-DD09FA8D6A9735C0ED643194F42A6B609ED6774B",
      "checksums": [
        {
          "algorithm": "SHA256",
          "checksumValue": "f272a8b89190e4b05176fd37b709ff1f181beb9c0da71dd3b2531a98426a651a"
        },
        {
          "algorithm": "SHA1",
          "checksumValue": "dd09fa8d6a9735c0ed643194f42a6b609ed6774b"
        }
      ],
      "licenseConcluded": "NOASSERTION",
      "licenseInfoInFiles": [
        "NOASSERTION"
      ],
      "copyrightText": "NOASSERTION"
    },
    {
      "fileName": "./ssh-sk-helper.exe",
      "SPDXID": "SPDXRef-File--ssh-sk-helper.exe-4E74C91AF9B399145D781440F29FB6EBBBDD4FF8",
      "checksums": [
        {
          "algorithm": "SHA256",
          "checksumValue": "d8d2106afb600e13520ef567f0b329c0019ef4a5a13d0674a29455678fffef24"
        },
        {
          "algorithm": "SHA1",
          "checksumValue": "4e74c91af9b399145d781440f29fb6ebbbdd4ff8"
        }
      ],
      "licenseConcluded": "NOASSERTION",
      "licenseInfoInFiles": [
        "NOASSERTION"
      ],
      "copyrightText": "NOASSERTION"
    },
    {
      "fileName": "./moduli",
      "SPDXID": "SPDXRef-File--moduli-4C7A68477C9B679EB0208BE182C9E8C02FA8DE7D",
      "checksums": [
        {
          "algorithm": "SHA256",
          "checksumValue": "df3b04c4b63ee4e4d2b99eb6d5756b73604773b6c8dcb4ee75ba669e2952ad4c"
        },
        {
          "algorithm": "SHA1",
          "checksumValue": "4c7a68477c9b679eb0208be182c9e8c02fa8de7d"
        }
      ],
      "licenseConcluded": "NOASSERTION",
      "licenseInfoInFiles": [
        "NOASSERTION"
      ],
      "copyrightText": "NOASSERTION"
    },
    {
      "fileName": "./ssh-add.exe",
      "SPDXID": "SPDXRef-File--ssh-add.exe-47C3297463510D541B4A24B68AB388B8850DA8BA",
      "checksums": [
        {
          "algorithm": "SHA256",
          "checksumValue": "ff44fdd96226ceca0f11d876908e54a90422b19c679ab6ff291c89724290f895"
        },
        {
          "algorithm": "SHA1",
          "checksumValue": "47c3297463510d541b4a24b68ab388b8850da8ba"
        }
      ],
      "licenseConcluded": "NOASSERTION",
      "licenseInfoInFiles": [
        "NOASSERTION"
      ],
      "copyrightText": "NOASSERTION"
    },
    {
      "fileName": "./openssh-events.man",
      "SPDXID": "SPDXRef-File--openssh-events.man-39F0E1C5FDF3F456EEAF9F1A5696A7CA64617F86",
      "checksums": [
        {
          "algorithm": "SHA256",
          "checksumValue": "c36019e53e3045cba2639bf35ed1e2498e3563b272533e53301165c31ab60199"
        },
        {
          "algorithm": "SHA1",
          "checksumValue": "39f0e1c5fdf3f456eeaf9f1a5696a7ca64617f86"
        }
      ],
      "licenseConcluded": "NOASSERTION",
      "licenseInfoInFiles": [
        "NOASSERTION"
      ],
      "copyrightText": "NOASSERTION"
    },
    {
      "fileName": "./NOTICE.txt",
      "SPDXID": "SPDXRef-File--NOTICE.txt-0C6BEDA8BE1A704C0C2615D4A481BACA0E56372D",
      "checksums": [
        {
          "algorithm": "SHA256",
          "checksumValue": "2cd5f5d0064bc909dfe0f0fc8f4787882c7c379f2730d89e5faa0c2bc57c620b"
        },
        {
          "algorithm": "SHA1",
          "checksumValue": "0c6beda8be1a704c0c2615d4a481baca0e56372d"
        }
      ],
      "licenseConcluded": "NOASSERTION",
      "licenseInfoInFiles": [
        "NOASSERTION"
      ],
      "copyrightText": "NOASSERTION"
    },
    {
      "fileName": "./sshd.exe",
      "SPDXID": "SPDXRef-File--sshd.exe-3B8C8BD34E527EC2229975E7F95D7681C83D6D09",
      "checksums": [
        {
          "algorithm": "SHA256",
          "checksumValue": "8da9f68ed29da4f9d0e570d85010051ec7453fffd5e2001dd8b916ae2f645cda"
        },
        {
          "algorithm": "SHA1",
          "checksumValue": "3b8c8bd34e527ec2229975e7f95d7681c83d6d09"
        }
      ],
      "licenseConcluded": "NOASSERTION",
      "licenseInfoInFiles": [
        "NOASSERTION"
      ],
      "copyrightText": "NOASSERTION"
    },
    {
      "fileName": "./ssh-keygen.exe",
      "SPDXID": "SPDXRef-File--ssh-keygen.exe-B20B793E26D8C324ACA913B511E6BD795F954F38",
      "checksums": [
        {
          "algorithm": "SHA256",
          "checksumValue": "242845e6a8ffb8a7e805798c40a1d61958547d0fd334a9284d79a8a19726ebdb"
        },
        {
          "algorithm": "SHA1",
          "checksumValue": "b20b793e26d8c324aca913b511e6bd795f954f38"
        }
      ],
      "licenseConcluded": "NOASSERTION",
      "licenseInfoInFiles": [
        "NOASSERTION"
      ],
      "copyrightText": "NOASSERTION"
    },
    {
      "fileName": "./uninstall-sshd.ps1",
      "SPDXID": "SPDXRef-File--uninstall-sshd.ps1-C3F8BD2B1D5CB043B028FED3EBA8B0744CC78A6A",
      "checksums": [
        {
          "algorithm": "SHA256",
          "checksumValue": "605298f10b1525a5a03db66a7f00c59fbc1899022e8efd9a5899a4c127f19a8e"
        },
        {
          "algorithm": "SHA1",
          "checksumValue": "c3f8bd2b1d5cb043b028fed3eba8b0744cc78a6a"
        }
      ],
      "licenseConcluded": "NOASSERTION",
      "licenseInfoInFiles": [
        "NOASSERTION"
      ],
      "copyrightText": "NOASSERTION"
    },
    {
      "fileName": "./ssh-agent.exe",
      "SPDXID": "SPDXRef-File--ssh-agent.exe-B54C536C7558BF0DEFDC301A44D4182C7C0FF09A",
      "checksums": [
        {
          "algorithm": "SHA256",
          "checksumValue": "3b33e378db4cded5f8a1b06da91007a640db65c0fd4daf2f46f2fe8426974ef9"
        },
        {
          "algorithm": "SHA1",
          "checksumValue": "b54c536c7558bf0defdc301a44d4182c7c0ff09a"
        }
      ],
      "licenseConcluded": "NOASSERTION",
      "licenseInfoInFiles": [
        "NOASSERTION"
      ],
      "copyrightText": "NOASSERTION"
    },
    {
      "fileName": "./sshd_config_default",
      "SPDXID": "SPDXRef-File--sshd-config-default-825CDEC4CF05869C74B01E7A1C8BF3C5E2C45CD8",
      "checksums": [
        {
          "algorithm": "SHA256",
          "checksumValue": "99f373a06dfa706f0a8a98d655c776850305b4b1ea3bf9a33fa926897bb15649"
        },
        {
          "algorithm": "SHA1",
          "checksumValue": "825cdec4cf05869c74b01e7a1c8bf3c5e2c45cd8"
        }
      ],
      "licenseConcluded": "NOASSERTION",
      "licenseInfoInFiles": [
        "NOASSERTION"
      ],
      "copyrightText": "NOASSERTION"
    }
  ],
  "packages": [
    {
      "name": "powershell_libcbor",
      "SPDXID": "SPDXRef-Package-0633FC36A057DF0C87EED52E5DEDF9B329FB7D81AAA4F276018A43EA45B452BD",
      "downloadLocation": "https://github.com/PowerShell/libcbor",
      "filesAnalyzed": false,
      "licenseConcluded": "NOASSERTION",
      "licenseInfoFromFiles": [
        "NOASSERTION"
      ],
      "licenseDeclared": "NOASSERTION",
      "copyrightText": "NOASSERTION",
      "versionInfo": "0.10.1",
      "supplier": "NOASSERTION"
    },
    {
      "name": "powershell_libfido2",
      "SPDXID": "SPDXRef-Package-F9A6ED6B8745E751FA3E761A1089EA8B0BE70D1EEF9D3460589B3BD062C5E186",
      "downloadLocation": "https://github.com/PowerShell/libfido2/archive/refs/tags/1.13.0.zip",
      "filesAnalyzed": false,
      "licenseConcluded": "NOASSERTION",
      "licenseInfoFromFiles": [
        "NOASSERTION"
      ],
      "licenseDeclared": "NOASSERTION",
      "copyrightText": "NOASSERTION",
      "versionInfo": "1.13.0",
      "supplier": "NOASSERTION"
    },
    {
      "name": "powershell_libressl",
      "SPDXID": "SPDXRef-Package-577D7580CF881B7AA98D5B37C0CAF4D38AD0E90F05E7FA398BE8C18DEDF4E853",
      "downloadLocation": "https://github.com/PowerShell/LibreSSL/releases/tag/V3.7.2.0.zip",
      "filesAnalyzed": false,
      "licenseConcluded": "NOASSERTION",
      "licenseInfoFromFiles": [
        "NOASSERTION"
      ],
      "licenseDeclared": "NOASSERTION",
      "copyrightText": "NOASSERTION",
      "versionInfo": "3.7.2.0",
      "supplier": "NOASSERTION"
    },
    {
      "name": "libfido2",
      "SPDXID": "SPDXRef-Package-F63F25FDE81D1022980E34CC310C72D38C9CBC90844731304A8FB98D9E0990E1",
      "downloadLocation": "https://github.com/Yubico/libfido2",
      "filesAnalyzed": false,
      "licenseConcluded": "NOASSERTION",
      "licenseInfoFromFiles": [
        "NOASSERTION"
      ],
      "licenseDeclared": "NOASSERTION",
      "copyrightText": "NOASSERTION",
      "versionInfo": "1.13.0",
      "supplier": "NOASSERTION"
    },
    {
      "name": "libcbor",
      "SPDXID": "SPDXRef-Package-E17DDC71403E9F2B1007C3A60AE26F724C7E742A1D6D5FBE9816B0532D7F73B9",
      "downloadLocation": "https://github.com/PJK/libcbor",
      "filesAnalyzed": false,
      "licenseConcluded": "NOASSERTION",
      "licenseInfoFromFiles": [
        "NOASSERTION"
      ],
      "licenseDeclared": "NOASSERTION",
      "copyrightText": "NOASSERTION",
      "versionInfo": "0.10.1",
      "supplier": "NOASSERTION"
    },
    {
      "name": "zlib",
      "SPDXID": "SPDXRef-Package-A9EB5C4218FA0D266FC5C664B8CAF9359754084A15E5398DE2212E4FC43EBF88",
      "downloadLocation": "http://zlib.net/",
      "filesAnalyzed": false,
      "licenseConcluded": "NOASSERTION",
      "licenseInfoFromFiles": [
        "NOASSERTION"
      ],
      "licenseDeclared": "NOASSERTION",
      "copyrightText": "NOASSERTION",
      "versionInfo": "1.2.13",
      "supplier": "NOASSERTION"
    },
    {
      "name": "powershell_zlib",
      "SPDXID": "SPDXRef-Package-19B4BB6515DFF8C58B23AA8A19F56B1ED91ECE605C6E2AF619473C4E4273B86F",
      "downloadLocation": "https://github.com/PowerShell/ZLib/releases/tag/V1.2.13.zip",
      "filesAnalyzed": false,
      "licenseConcluded": "NOASSERTION",
      "licenseInfoFromFiles": [
        "NOASSERTION"
      ],
      "licenseDeclared": "NOASSERTION",
      "copyrightText": "NOASSERTION",
      "versionInfo": "1.2.13",
      "supplier": "NOASSERTION"
    },
    {
      "name": "Microsoft.Telemetry.Inbox.Native",
      "SPDXID": "SPDXRef-Package-0E13AAD00D3394DF297FCA773EC1B0EDEF66F936E6C99311CBC4763108E2033B",
      "downloadLocation": "NOASSERTION",
      "filesAnalyzed": false,
      "licenseConcluded": "NOASSERTION",
      "licenseInfoFromFiles": [
        "NOASSERTION"
      ],
      "licenseDeclared": "NOASSERTION",
      "copyrightText": "NOASSERTION",
      "versionInfo": "10.0.18362.1-190318-1202.19h1-release.amd64fre",
      "externalRefs": [
        {
          "referenceCategory": "PACKAGE-MANAGER",
          "referenceType": "purl",
          "referenceLocator": "pkg:nuget/Microsoft.Telemetry.Inbox.Native@10.0.18362.1-190318-1202.19h1-release.amd64fre"
        }
      ],
      "supplier": "NOASSERTION"
    },
    {
      "name": "libressl",
      "SPDXID": "SPDXRef-Package-D99FD5198E77054A28846E4E999C4FCAEC8B86428588D6C3F297E337BFAAAC40",
      "downloadLocation": "https://www.libressl.org/",
      "filesAnalyzed": false,
      "licenseConcluded": "NOASSERTION",
      "licenseInfoFromFiles": [
        "NOASSERTION"
      ],
      "licenseDeclared": "NOASSERTION",
      "copyrightText": "NOASSERTION",
      "versionInfo": "3.7.2.0",
      "supplier": "NOASSERTION"
    },
    {
      "name": "OpenSSH",
      "SPDXID": "SPDXRef-RootPackage",
      "downloadLocation": "NOASSERTION",
      "packageVerificationCode": {
        "packageVerificationCodeValue": "fa5b0a4e7110e032aa84333d4cfc23f185ecb437"
      },
      "filesAnalyzed": true,
      "licenseConcluded": "NOASSERTION",
      "licenseInfoFromFiles": [
        "NOASSERTION"
      ],
      "licenseDeclared": "NOASSERTION",
      "copyrightText": "NOASSERTION",
      "versionInfo": "v9.2.2.0",
      "supplier": "Organization: Microsoft",
      "hasFiles": [
        "SPDXRef-File--sshd-config-default-825CDEC4CF05869C74B01E7A1C8BF3C5E2C45CD8",
        "SPDXRef-File--uninstall-sshd.ps1-C3F8BD2B1D5CB043B028FED3EBA8B0744CC78A6A",
        "SPDXRef-File--ssh-keygen.exe-B20B793E26D8C324ACA913B511E6BD795F954F38",
        "SPDXRef-File--sshd.exe-3B8C8BD34E527EC2229975E7F95D7681C83D6D09",
        "SPDXRef-File--NOTICE.txt-0C6BEDA8BE1A704C0C2615D4A481BACA0E56372D",
        "SPDXRef-File--ssh-agent.exe-B54C536C7558BF0DEFDC301A44D4182C7C0FF09A",
        "SPDXRef-File--openssh-events.man-39F0E1C5FDF3F456EEAF9F1A5696A7CA64617F86",
        "SPDXRef-File--ssh-add.exe-47C3297463510D541B4A24B68AB388B8850DA8BA",
        "SPDXRef-File--moduli-4C7A68477C9B679EB0208BE182C9E8C02FA8DE7D",
        "SPDXRef-File--ssh-sk-helper.exe-4E74C91AF9B399145D781440F29FB6EBBBDD4FF8",
        "SPDXRef-File--sftp-server.exe-DD09FA8D6A9735C0ED643194F42A6B609ED6774B",
        "SPDXRef-File--libcrypto.dll-B17EED8CB6F454700F8BFCFD315D5627D3CF741C",
        "SPDXRef-File--ssh.exe-011C90C704BB4782001D6E6CE1C647BF2BB17E01",
        "SPDXRef-File--sftp.exe-A7C6774E0E77AD4485D53B845A75731C8DA46224",
        "SPDXRef-File--LICENSE.txt-A7739A32F1926D71A9EB22D101287ECEA09A6AC5",
        "SPDXRef-File--ssh-shellhost.exe-1302501AAF0C7501D69CF9DD608C3628BD1B8627",
        "SPDXRef-File--scp.exe-7D35D7D5A27F982BB249D0300CF141AB091D043C",
        "SPDXRef-File--install-sshd.ps1-B78DA40893D9045871490E534A02BB128CB69C78",
        "SPDXRef-File--ssh-pkcs11-helper.exe-478B11395CAFE9E9304886FBAE122E40D1F420EC",
        "SPDXRef-File--OpenSSHUtils.psm1-95047B8096DE8AF57E93DFA5C12D8231CA092414",
        "SPDXRef-File--FixUserFilePermissions.ps1-93F1DA08F8BF7F42B60FCF3FC1E5A520620F569B",
        "SPDXRef-File--ssh-keyscan.exe-B996994C07F26EF37E9DC08B6ED9F4E9885B8FC1",
        "SPDXRef-File--OpenSSHUtils.psd1-C353426931DA88BE31D4429E186B9C36A8D1CA9F",
        "SPDXRef-File--FixHostFilePermissions.ps1-9598A0CF83B18E9889327FE772B1FF4E1E7EA9DA"
      ]
    }
  ],
  "externalDocumentRefs": [
    {
      "externalDocumentId": "DocumentRef-libfido2-1.9.0-fafb024111b424ede04e78a28edfce894549c7f5",
      "spdxDocument": "https://sbom.microsoft/1:2QSF7qZlbE-F7QrUJlEo7g:Ifmy0CRpKEe0S33n1Rdb-w/1853:357059/libfido2:1.9.0:ov_hZKWN50-6IzLEiVuweg",
      "checksum": {
        "algorithm": "SHA1",
        "checksumValue": "fafb024111b424ede04e78a28edfce894549c7f5"
      }
    },
    {
      "externalDocumentId": "DocumentRef-LibreSSL-3.7.2-c436ee80fdb5b090f617cdd6ce736561a9c4db98",
      "spdxDocument": "https://sbom.microsoft/1:2QSF7qZlbE-F7QrUJlEo7g:Ifmy0CRpKEe0S33n1Rdb-w/1750:357000/LibreSSL:3.7.2:CvRDHk6EGEOsoQ7bVxW9zQ",
      "checksum": {
        "algorithm": "SHA1",
        "checksumValue": "c436ee80fdb5b090f617cdd6ce736561a9c4db98"
      }
    },
    {
      "externalDocumentId": "DocumentRef-ZLib-1.2.13-25599f97cedc67d207728f4a17d7964c1c334c17",
      "spdxDocument": "https://sbom.microsoft/1:2QSF7qZlbE-F7QrUJlEo7g:Ifmy0CRpKEe0S33n1Rdb-w/1748:309440/ZLib:1.2.13:f1B2BykuZEuu2dD2Z6ZtzA",
      "checksum": {
        "algorithm": "SHA1",
        "checksumValue": "25599f97cedc67d207728f4a17d7964c1c334c17"
      }
    }
  ],
  "relationships": [
    {
      "relationshipType": "DEPENDS_ON",
      "relatedSpdxElement": "SPDXRef-Package-A9EB5C4218FA0D266FC5C664B8CAF9359754084A15E5398DE2212E4FC43EBF88",
      "spdxElementId": "SPDXRef-RootPackage"
    },
    {
      "relationshipType": "DESCRIBES",
      "relatedSpdxElement": "SPDXRef-RootPackage",
      "spdxElementId": "SPDXRef-DOCUMENT"
    },
    {
      "relationshipType": "DEPENDS_ON",
      "relatedSpdxElement": "SPDXRef-Package-E17DDC71403E9F2B1007C3A60AE26F724C7E742A1D6D5FBE9816B0532D7F73B9",
      "spdxElementId": "SPDXRef-RootPackage"
    },
    {
      "relationshipType": "DEPENDS_ON",
      "relatedSpdxElement": "SPDXRef-Package-577D7580CF881B7AA98D5B37C0CAF4D38AD0E90F05E7FA398BE8C18DEDF4E853",
      "spdxElementId": "SPDXRef-RootPackage"
    },
    {
      "relationshipType": "DEPENDS_ON",
      "relatedSpdxElement": "SPDXRef-Package-D99FD5198E77054A28846E4E999C4FCAEC8B86428588D6C3F297E337BFAAAC40",
      "spdxElementId": "SPDXRef-RootPackage"
    },
    {
      "relationshipType": "DEPENDS_ON",
      "relatedSpdxElement": "SPDXRef-Package-0E13AAD00D3394DF297FCA773EC1B0EDEF66F936E6C99311CBC4763108E2033B",
      "spdxElementId": "SPDXRef-RootPackage"
    },
    {
      "relationshipType": "DEPENDS_ON",
      "relatedSpdxElement": "SPDXRef-Package-F63F25FDE81D1022980E34CC310C72D38C9CBC90844731304A8FB98D9E0990E1",
      "spdxElementId": "SPDXRef-RootPackage"
    },
    {
      "relationshipType": "DEPENDS_ON",
      "relatedSpdxElement": "SPDXRef-Package-0633FC36A057DF0C87EED52E5DEDF9B329FB7D81AAA4F276018A43EA45B452BD",
      "spdxElementId": "SPDXRef-RootPackage"
    },
    {
      "relationshipType": "DEPENDS_ON",
      "relatedSpdxElement": "SPDXRef-Package-19B4BB6515DFF8C58B23AA8A19F56B1ED91ECE605C6E2AF619473C4E4273B86F",
      "spdxElementId": "SPDXRef-RootPackage"
    },
    {
      "relationshipType": "DEPENDS_ON",
      "relatedSpdxElement": "SPDXRef-Package-F9A6ED6B8745E751FA3E761A1089EA8B0BE70D1EEF9D3460589B3BD062C5E186",
      "spdxElementId": "SPDXRef-RootPackage"
    },
    {
      "relationshipType": "DESCRIBED_BY",
      "relatedSpdxElement": "SPDXRef-DOCUMENT",
      "spdxElementId": "SPDXRef-File--..-..-s-OSS-Microsoft-OpenSSH-Dev-contrib-win32-openssh-ZLib--manifest-spdx-2.2-manifest.spdx.json-25599F97CEDC67D207728F4A17D7964C1C334C17"
    },
    {
      "relationshipType": "DESCRIBED_BY",
      "relatedSpdxElement": "SPDXRef-DOCUMENT",
      "spdxElementId": "SPDXRef-File--..-..-s-OSS-Microsoft-OpenSSH-Dev-contrib-win32-openssh-libfido2--manifest-spdx-2.2-manifest.spdx.json-FAFB024111B424EDE04E78A28EDFCE894549C7F5"
    },
    {
      "relationshipType": "DESCRIBED_BY",
      "relatedSpdxElement": "SPDXRef-DOCUMENT",
      "spdxElementId": "SPDXRef-File--..-..-s-OSS-Microsoft-OpenSSH-Dev-contrib-win32-openssh-LibreSSL--manifest-spdx-2.2-manifest.spdx.json-C436EE80FDB5B090F617CDD6CE736561A9C4DB98"
    },
    {
      "relationshipType": "PREREQUISITE_FOR",
      "relatedSpdxElement": "DocumentRef-ZLib-1.2.13-25599f97cedc67d207728f4a17d7964c1c334c17:SPDXRef-RootPackage",
      "spdxElementId": "SPDXRef-RootPackage"
    },
    {
      "relationshipType": "PREREQUISITE_FOR",
      "relatedSpdxElement": "DocumentRef-libfido2-1.9.0-fafb024111b424ede04e78a28edfce894549c7f5:SPDXRef-RootPackage",
      "spdxElementId": "SPDXRef-RootPackage"
    },
    {
      "relationshipType": "PREREQUISITE_FOR",
      "relatedSpdxElement": "DocumentRef-LibreSSL-3.7.2-c436ee80fdb5b090f617cdd6ce736561a9c4db98:SPDXRef-RootPackage",
      "spdxElementId": "SPDXRef-RootPackage"
    }
  ],
  "spdxVersion": "SPDX-2.2",
  "dataLicense": "CC0-1.0",
  "SPDXID": "SPDXRef-DOCUMENT",
  "name": "OpenSSH v9.2.2.0",
  "documentNamespace": "https://sbom.microsoft/1:2QSF7qZlbE-F7QrUJlEo7g:Ifmy0CRpKEe0S33n1Rdb-w/1908:357434/OpenSSH:v9.2.2.0:imyqeZunRkaLAFV85Y39uA",
  "creationInfo": {
    "created": "2023-04-12T18:15:36Z",
    "creators": [
      "Organization: Microsoft",
      "Tool: Microsoft.SBOMTool-0.3.3"
    ]
  },
  "documentDescribes": [
    "SPDXRef-RootPackage"
  ]
}