{
  "files": [
    {
      "fileName": "./../../s/OSS_Microsoft_OpenSSH_Dev/contrib/win32/openssh/ZLib/_manifest/spdx_2.2/manifest.spdx.json",
      "SPDXID": "SPDXRef-File--..-..-s-OSS-Microsoft-OpenSSH-Dev-contrib-win32-openssh-ZLib--manifest-spdx-2.2-manifest.spdx.json-954C206CEBFE20C7D8D6413FD131BEBDC36F9039",
      "checksums": [
        {
          "algorithm": "SHA256",
          "checksumValue": "f04a34415479d39b4c5496d2e07a5e0549a591cb98577baf0410639a17142ede"
        },
        {
          "algorithm": "SHA1",
          "checksumValue": "954c206cebfe20c7d8d6413fd131bebdc36f9039"
        }
      ],
      "licenseConcluded": "NOASSERTION",
      "licenseInfoInFiles": [
        "NOASSERTION"
      ],
      "copyrightText": "NOASSERTION",
      "fileTypes": [
        "SPDX"
      ]
    },
    {
      "fileName": "./../../s/OSS_Microsoft_OpenSSH_Dev/contrib/win32/openssh/LibreSSL/_manifest/spdx_2.2/manifest.spdx.json",
      "SPDXID": "SPDXRef-File--..-..-s-OSS-Microsoft-OpenSSH-Dev-contrib-win32-openssh-LibreSSL--manifest-spdx-2.2-manifest.spdx.json-703648163083F513D486D8363F525021A6D08A91",
      "checksums": [
        {
          "algorithm": "SHA256",
          "checksumValue": "a5ba1af446bc49e7079f5a8b4404aae546eebf05b1e772bd9738e2bed6355e3d"
        },
        {
          "algorithm": "SHA1",
          "checksumValue": "703648163083f513d486d8363f525021a6d08a91"
        }
      ],
      "licenseConcluded": "NOASSERTION",
      "licenseInfoInFiles": [
        "NOASSERTION"
      ],
      "copyrightText": "NOASSERTION",
      "fileTypes": [
        "SPDX"
      ]
    },
    {
      "fileName": "./../../s/OSS_Microsoft_OpenSSH_Dev/contrib/win32/openssh/libfido2/_manifest/spdx_2.2/manifest.spdx.json",
      "SPDXID": "SPDXRef-File--..-..-s-OSS-Microsoft-OpenSSH-Dev-contrib-win32-openssh-libfido2--manifest-spdx-2.2-manifest.spdx.json-310BD4FA72CEC9EE54E77223406471F26F78A856",
      "checksums": [
        {
          "algorithm": "SHA256",
          "checksumValue": "e8020ea98f2a9de0787225ae16299a633c102b87bc93cdfeb55166e7dcf2bf51"
        },
        {
          "algorithm": "SHA1",
          "checksumValue": "310bd4fa72cec9ee54e77223406471f26f78a856"
        }
      ],
      "licenseConcluded": "NOASSERTION",
      "licenseInfoInFiles": [
        "NOASSERTION"
      ],
      "copyrightText": "NOASSERTION",
      "fileTypes": [
        "SPDX"
      ]
    },
    {
      "fileName": "./moduli",
      "SPDXID": "SPDXRef-File--moduli-07BBADDD000D6BFC1F3C30A314A5208A5F8B3AEF",
      "checksums": [
        {
          "algorithm": "SHA256",
          "checksumValue": "cc12aebe3fb41a092e53cf41dd05029e5b93f336d67b5f941a6132e5440fdcc8"
        },
        {
          "algorithm": "SHA1",
          "checksumValue": "07bbaddd000d6bfc1f3c30a314a5208a5f8b3aef"
        }
      ],
      "licenseConcluded": "NOASSERTION",
      "licenseInfoInFiles": [
        "NOASSERTION"
      ],
      "copyrightText": "NOASSERTION"
    },
    {
      "fileName": "./ssh-add.exe",
      "SPDXID": "SPDXRef-File--ssh-add.exe-0A4C39A1B8AEE069828E1E06DB1DE0451FEA6EE0",
      "checksums": [
        {
          "algorithm": "SHA256",
          "checksumValue": "d7db3fc8c19510fe70fcb2b8f2c43ef5298abfd75992264dbb158eb19ca27b5c"
        },
        {
          "algorithm": "SHA1",
          "checksumValue": "0a4c39a1b8aee069828e1e06db1de0451fea6ee0"
        }
      ],
      "licenseConcluded": "NOASSERTION",
      "licenseInfoInFiles": [
        "NOASSERTION"
      ],
      "copyrightText": "NOASSERTION"
    },
    {
      "fileName": "./sshd.exe",
      "SPDXID": "SPDXRef-File--sshd.exe-CC03B25D4960178A72CF137BB4F634B9619D5965",
      "checksums": [
        {
          "algorithm": "SHA256",
          "checksumValue": "dc86197ed61383a0784a8ab768e8040d06b95c8432a2f7199ab40a805e3d3e81"
        },
        {
          "algorithm": "SHA1",
          "checksumValue": "cc03b25d4960178a72cf137bb4f634b9619d5965"
        }
      ],
      "licenseConcluded": "NOASSERTION",
      "licenseInfoInFiles": [
        "NOASSERTION"
      ],
      "copyrightText": "NOASSERTION"
    },
    {
      "fileName": "./FixHostFilePermissions.ps1",
      "SPDXID": "SPDXRef-File--FixHostFilePermissions.ps1-3C1EF641BE705D907AAD40627CBD96CAD7166946",
      "checksums": [
        {
          "algorithm": "SHA256",
          "checksumValue": "0a88ded9c8bc74867374a14eda9634a4176aef452b8e146c001245654bb09b00"
        },
        {
          "algorithm": "SHA1",
          "checksumValue": "3c1ef641be705d907aad40627cbd96cad7166946"
        }
      ],
      "licenseConcluded": "NOASSERTION",
      "licenseInfoInFiles": [
        "NOASSERTION"
      ],
      "copyrightText": "NOASSERTION"
    },
    {
      "fileName": "./OpenSSHUtils.psd1",
      "SPDXID": "SPDXRef-File--OpenSSHUtils.psd1-64CDD5C4DCA9C87B8F0D62A157EF019FAA4EC22A",
      "checksums": [
        {
          "algorithm": "SHA256",
          "checksumValue": "92655633b829d30faffce5d6c093e4f87b302c79bb4728665a35d7265a54e2dc"
        },
        {
          "algorithm": "SHA1",
          "checksumValue": "64cdd5c4dca9c87b8f0d62a157ef019faa4ec22a"
        }
      ],
      "licenseConcluded": "NOASSERTION",
      "licenseInfoInFiles": [
        "NOASSERTION"
      ],
      "copyrightText": "NOASSERTION"
    },
    {
      "fileName": "./ssh-keyscan.exe",
      "SPDXID": "SPDXRef-File--ssh-keyscan.exe-D3554449CB901CA7437D9EF9C93AEF34E00F8C77",
      "checksums": [
        {
          "algorithm": "SHA256",
          "checksumValue": "1a03683151c6acb517c3fc87e3a75e4ea25274cd1dec12b014b19315682f2f14"
        },
        {
          "algorithm": "SHA1",
          "checksumValue": "d3554449cb901ca7437d9ef9c93aef34e00f8c77"
        }
      ],
      "licenseConcluded": "NOASSERTION",
      "licenseInfoInFiles": [
        "NOASSERTION"
      ],
      "copyrightText": "NOASSERTION"
    },
    {
      "fileName": "./LICENSE.txt",
      "SPDXID": "SPDXRef-File--LICENSE.txt-A7739A32F1926D71A9EB22D101287ECEA09A6AC5",
      "checksums": [
        {
          "algorithm": "SHA256",
          "checksumValue": "e6a25da96c2fccdc025caad56d99f87851ec3fe814a3cea83f2bc77ffc800681"
        },
        {
          "algorithm": "SHA1",
          "checksumValue": "a7739a32f1926d71a9eb22d101287ecea09a6ac5"
        }
      ],
      "licenseConcluded": "NOASSERTION",
      "licenseInfoInFiles": [
        "NOASSERTION"
      ],
      "copyrightText": "NOASSERTION"
    },
    {
      "fileName": "./sftp.exe",
      "SPDXID": "SPDXRef-File--sftp.exe-2B782304314C154D66E15C80776BE0465E4CCEDB",
      "checksums": [
        {
          "algorithm": "SHA256",
          "checksumValue": "6954f9b7c55b8e825e068067015a5a40aba786f7d341555a511632336cea95fc"
        },
        {
          "algorithm": "SHA1",
          "checksumValue": "2b782304314c154d66e15c80776be0465e4ccedb"
        }
      ],
      "licenseConcluded": "NOASSERTION",
      "licenseInfoInFiles": [
        "NOASSERTION"
      ],
      "copyrightText": "NOASSERTION"
    },
    {
      "fileName": "./libcrypto.dll",
      "SPDXID": "SPDXRef-File--libcrypto.dll-E03756080FCBD7E2F976C1D7EABFF606DD029972",
      "checksums": [
        {
          "algorithm": "SHA256",
          "checksumValue": "86d2d6af0f302a10520114312447980b853d035787ae471edf05877a626397e3"
        },
        {
          "algorithm": "SHA1",
          "checksumValue": "e03756080fcbd7e2f976c1d7eabff606dd029972"
        }
      ],
      "licenseConcluded": "NOASSERTION",
      "licenseInfoInFiles": [
        "NOASSERTION"
      ],
      "copyrightText": "NOASSERTION"
    },
    {
      "fileName": "./install-sshd.ps1",
      "SPDXID": "SPDXRef-File--install-sshd.ps1-99759E0678BE77A97A97FD070F56793A769C2F26",
      "checksums": [
        {
          "algorithm": "SHA256",
          "checksumValue": "fd480168b7268049010a40362bf29f9c61f740903836c04442c2ecd0108da95c"
        },
        {
          "algorithm": "SHA1",
          "checksumValue": "99759e0678be77a97a97fd070f56793a769c2f26"
        }
      ],
      "licenseConcluded": "NOASSERTION",
      "licenseInfoInFiles": [
        "NOASSERTION"
      ],
      "copyrightText": "NOASSERTION"
    },
    {
      "fileName": "./scp.exe",
      "SPDXID": "SPDXRef-File--scp.exe-B6BC816D52740F3A28D43F5051B18FE07512F69D",
      "checksums": [
        {
          "algorithm": "SHA256",
          "checksumValue": "3813628847656829a3280c83c65549ec0f9fb1e2f894e3dd42b53961539b9997"
        },
        {
          "algorithm": "SHA1",
          "checksumValue": "b6bc816d52740f3a28d43f5051b18fe07512f69d"
        }
      ],
      "licenseConcluded": "NOASSERTION",
      "licenseInfoInFiles": [
        "NOASSERTION"
      ],
      "copyrightText": "NOASSERTION"
    },
    {
      "fileName": "./NOTICE.txt",
      "SPDXID": "SPDXRef-File--NOTICE.txt-0C6BEDA8BE1A704C0C2615D4A481BACA0E56372D",
      "checksums": [
        {
          "algorithm": "SHA256",
          "checksumValue": "2cd5f5d0064bc909dfe0f0fc8f4787882c7c379f2730d89e5faa0c2bc57c620b"
        },
        {
          "algorithm": "SHA1",
          "checksumValue": "0c6beda8be1a704c0c2615d4a481baca0e56372d"
        }
      ],
      "licenseConcluded": "NOASSERTION",
      "licenseInfoInFiles": [
        "NOASSERTION"
      ],
      "copyrightText": "NOASSERTION"
    },
    {
      "fileName": "./ssh-agent.exe",
      "SPDXID": "SPDXRef-File--ssh-agent.exe-5692E9053C43563D06442DCC679D6B6C55D1FE2F",
      "checksums": [
        {
          "algorithm": "SHA256",
          "checksumValue": "5e0636ba390b28a88b8ab8b16c5928171e63d0250371e81fd707a870e2e1818e"
        },
        {
          "algorithm": "SHA1",
          "checksumValue": "5692e9053c43563d06442dcc679d6b6c55d1fe2f"
        }
      ],
      "licenseConcluded": "NOASSERTION",
      "licenseInfoInFiles": [
        "NOASSERTION"
      ],
      "copyrightText": "NOASSERTION"
    },
    {
      "fileName": "./sshd_config_default",
      "SPDXID": "SPDXRef-File--sshd-config-default-825CDEC4CF05869C74B01E7A1C8BF3C5E2C45CD8",
      "checksums": [
        {
          "algorithm": "SHA256",
          "checksumValue": "99f373a06dfa706f0a8a98d655c776850305b4b1ea3bf9a33fa926897bb15649"
        },
        {
          "algorithm": "SHA1",
          "checksumValue": "825cdec4cf05869c74b01e7a1c8bf3c5e2c45cd8"
        }
      ],
      "licenseConcluded": "NOASSERTION",
      "licenseInfoInFiles": [
        "NOASSERTION"
      ],
      "copyrightText": "NOASSERTION"
    },
    {
      "fileName": "./FixUserFilePermissions.ps1",
      "SPDXID": "SPDXRef-File--FixUserFilePermissions.ps1-53D706598AA1FB2918957843AD6C7D7CB6A73923",
      "checksums": [
        {
          "algorithm": "SHA256",
          "checksumValue": "86a6860d5c37d872b25cbab8709abd4968bc3ba71767177f50a4b983a865a575"
        },
        {
          "algorithm": "SHA1",
          "checksumValue": "53d706598aa1fb2918957843ad6c7d7cb6a73923"
        }
      ],
      "licenseConcluded": "NOASSERTION",
      "licenseInfoInFiles": [
        "NOASSERTION"
      ],
      "copyrightText": "NOASSERTION"
    },
    {
      "fileName": "./openssh-events.man",
      "SPDXID": "SPDXRef-File--openssh-events.man-39F0E1C5FDF3F456EEAF9F1A5696A7CA64617F86",
      "checksums": [
        {
          "algorithm": "SHA256",
          "checksumValue": "c36019e53e3045cba2639bf35ed1e2498e3563b272533e53301165c31ab60199"
        },
        {
          "algorithm": "SHA1",
          "checksumValue": "39f0e1c5fdf3f456eeaf9f1a5696a7ca64617f86"
        }
      ],
      "licenseConcluded": "NOASSERTION",
      "licenseInfoInFiles": [
        "NOASSERTION"
      ],
      "copyrightText": "NOASSERTION"
    },
    {
      "fileName": "./OpenSSHUtils.psm1",
      "SPDXID": "SPDXRef-File--OpenSSHUtils.psm1-BBC2F4BAF3888350EF8455334B58DCEDB22BC638",
      "checksums": [
        {
          "algorithm": "SHA256",
          "checksumValue": "6f1ad1edf581598d7a2ce8c21bb660519e42b1480d3a0b81b365bad9be19236d"
        },
        {
          "algorithm": "SHA1",
          "checksumValue": "bbc2f4baf3888350ef8455334b58dcedb22bc638"
        }
      ],
      "licenseConcluded": "NOASSERTION",
      "licenseInfoInFiles": [
        "NOASSERTION"
      ],
      "copyrightText": "NOASSERTION"
    },
    {
      "fileName": "./sftp-server.exe",
      "SPDXID": "SPDXRef-File--sftp-server.exe-F5BEF2555A6C62682A97E6690BEFAC01E747830F",
      "checksums": [
        {
          "algorithm": "SHA256",
          "checksumValue": "fb0ead4b9097be0ab0fc5e3f8fd6a54f2a69d21835a4902d12acd01d573b328d"
        },
        {
          "algorithm": "SHA1",
          "checksumValue": "f5bef2555a6c62682a97e6690befac01e747830f"
        }
      ],
      "licenseConcluded": "NOASSERTION",
      "licenseInfoInFiles": [
        "NOASSERTION"
      ],
      "copyrightText": "NOASSERTION"
    },
    {
      "fileName": "./ssh.exe",
      "SPDXID": "SPDXRef-File--ssh.exe-5AEEAA9717CD18AC6F53798543FC1678A2701C8B",
      "checksums": [
        {
          "algorithm": "SHA256",
          "checksumValue": "a1fce040a0e158d89cc7610b6568308abdf79935d68dfd83e80158aeb89f3330"
        },
        {
          "algorithm": "SHA1",
          "checksumValue": "5aeeaa9717cd18ac6f53798543fc1678a2701c8b"
        }
      ],
      "licenseConcluded": "NOASSERTION",
      "licenseInfoInFiles": [
        "NOASSERTION"
      ],
      "copyrightText": "NOASSERTION"
    },
    {
      "fileName": "./ssh-shellhost.exe",
      "SPDXID": "SPDXRef-File--ssh-shellhost.exe-22977500188C0C081C794D7BF81A08EBF18A27AD",
      "checksums": [
        {
          "algorithm": "SHA256",
          "checksumValue": "0cb56b5a7ff4adfe34fafabbe8355a9f793638fec7b310c80bcc026661f85ee7"
        },
        {
          "algorithm": "SHA1",
          "checksumValue": "22977500188c0c081c794d7bf81a08ebf18a27ad"
        }
      ],
      "licenseConcluded": "NOASSERTION",
      "licenseInfoInFiles": [
        "NOASSERTION"
      ],
      "copyrightText": "NOASSERTION"
    },
    {
      "fileName": "./ssh-keygen.exe",
      "SPDXID": "SPDXRef-File--ssh-keygen.exe-401918E19353BDE9EB577B75C842098064D0C4CA",
      "checksums": [
        {
          "algorithm": "SHA256",
          "checksumValue": "7133287aeb18f994b8edbe6e8153a8da5adec03543f945f8981b803a07e81813"
        },
        {
          "algorithm": "SHA1",
          "checksumValue": "401918e19353bde9eb577b75c842098064d0c4ca"
        }
      ],
      "licenseConcluded": "NOASSERTION",
      "licenseInfoInFiles": [
        "NOASSERTION"
      ],
      "copyrightText": "NOASSERTION"
    },
    {
      "fileName": "./ssh-pkcs11-helper.exe",
      "SPDXID": "SPDXRef-File--ssh-pkcs11-helper.exe-705BE7696B16B40608ED4DC6EEE6B8437473F9C0",
      "checksums": [
        {
          "algorithm": "SHA256",
          "checksumValue": "4384e4f6afe182aa5891b59354a7cb1af828b674da8f2c3b336b2b72fed350d7"
        },
        {
          "algorithm": "SHA1",
          "checksumValue": "705be7696b16b40608ed4dc6eee6b8437473f9c0"
        }
      ],
      "licenseConcluded": "NOASSERTION",
      "licenseInfoInFiles": [
        "NOASSERTION"
      ],
      "copyrightText": "NOASSERTION"
    },
    {
      "fileName": "./ssh-sk-helper.exe",
      "SPDXID": "SPDXRef-File--ssh-sk-helper.exe-AB2B4BBB03ACD825918B40D0D75E0EFE11424968",
      "checksums": [
        {
          "algorithm": "SHA256",
          "checksumValue": "9b98a370f085c654cdef36d2f8e06a8e96e453bb071ad99d7a6ca8a5d880e9e8"
        },
        {
          "algorithm": "SHA1",
          "checksumValue": "ab2b4bbb03acd825918b40d0d75e0efe11424968"
        }
      ],
      "licenseConcluded": "NOASSERTION",
      "licenseInfoInFiles": [
        "NOASSERTION"
      ],
      "copyrightText": "NOASSERTION"
    },
    {
      "fileName": "./uninstall-sshd.ps1",
      "SPDXID": "SPDXRef-File--uninstall-sshd.ps1-98852786FDAA383178B2485ADFA77D867569531F",
      "checksums": [
        {
          "algorithm": "SHA256",
          "checksumValue": "e95640666cab918731f14abbc5a6388fe1fa35a86e71cf8078798bb7f1e6ddde"
        },
        {
          "algorithm": "SHA1",
          "checksumValue": "98852786fdaa383178b2485adfa77d867569531f"
        }
      ],
      "licenseConcluded": "NOASSERTION",
      "licenseInfoInFiles": [
        "NOASSERTION"
      ],
      "copyrightText": "NOASSERTION"
    }
  ],
  "packages": [
    {
      "name": "libcbor",
      "SPDXID": "SPDXRef-Package-E17DDC71403E9F2B1007C3A60AE26F724C7E742A1D6D5FBE9816B0532D7F73B9",
      "downloadLocation": "https://github.com/PJK/libcbor",
      "filesAnalyzed": false,
      "licenseConcluded": "NOASSERTION",
      "licenseDeclared": "NOASSERTION",
      "copyrightText": "NOASSERTION",
      "versionInfo": "0.10.1",
      "supplier": "NOASSERTION"
    },
    {
      "name": "powershell_libressl",
      "SPDXID": "SPDXRef-Package-66BF7592AFBC2CD50D9FC5F18ABAFA76ABBBF9C3F2847C95D1F99D150B3CE46D",
      "downloadLocation": "https://github.com/PowerShell/LibreSSL/releases/tag/V3.8.2.0.zip",
      "filesAnalyzed": false,
      "licenseConcluded": "NOASSERTION",
      "licenseDeclared": "NOASSERTION",
      "copyrightText": "NOASSERTION",
      "versionInfo": "3.8.2.0",
      "supplier": "NOASSERTION"
    },
    {
      "name": "powershell_libcbor",
      "SPDXID": "SPDXRef-Package-0633FC36A057DF0C87EED52E5DEDF9B329FB7D81AAA4F276018A43EA45B452BD",
      "downloadLocation": "https://github.com/PowerShell/libcbor",
      "filesAnalyzed": false,
      "licenseConcluded": "NOASSERTION",
      "licenseDeclared": "NOASSERTION",
      "copyrightText": "NOASSERTION",
      "versionInfo": "0.10.1",
      "supplier": "NOASSERTION"
    },
    {
      "name": "powershell_zlib",
      "SPDXID": "SPDXRef-Package-8E19BEDF1EF380B338DB20F1048FF763D0578C185910D40C62204AFA51D29532",
      "downloadLocation": "https://github.com/PowerShell/ZLib/releases/tag/V1.3.zip",
      "filesAnalyzed": false,
      "licenseConcluded": "NOASSERTION",
      "licenseDeclared": "NOASSERTION",
      "copyrightText": "NOASSERTION",
      "versionInfo": "1.3",
      "supplier": "NOASSERTION"
    },
    {
      "name": "libfido2",
      "SPDXID": "SPDXRef-Package-EF6CDF9F1FC7596E226D734530809E9E82AD8AF8A15D3F13085AB4E09523033E",
      "downloadLocation": "https://github.com/Yubico/libfido2",
      "filesAnalyzed": false,
      "licenseConcluded": "NOASSERTION",
      "licenseDeclared": "NOASSERTION",
      "copyrightText": "NOASSERTION",
      "versionInfo": "1.14.0",
      "supplier": "NOASSERTION"
    },
    {
      "name": "libressl",
      "SPDXID": "SPDXRef-Package-CABBB102315F68264C755296D76A974F23AAD1EFA8EF89711C4E89929131792F",
      "downloadLocation": "https://www.libressl.org/",
      "filesAnalyzed": false,
      "licenseConcluded": "NOASSERTION",
      "licenseDeclared": "NOASSERTION",
      "copyrightText": "NOASSERTION",
      "versionInfo": "3.8.2.0",
      "supplier": "NOASSERTION"
    },
    {
      "name": "zlib",
      "SPDXID": "SPDXRef-Package-E1D6D1090EC004EF8E5ACE051FE39067A45BFF860C462BE7D8FC326764DFF027",
      "downloadLocation": "http://zlib.net/",
      "filesAnalyzed": false,
      "licenseConcluded": "NOASSERTION",
      "licenseDeclared": "NOASSERTION",
      "copyrightText": "NOASSERTION",
      "versionInfo": "1.3",
      "supplier": "NOASSERTION"
    },
    {
      "name": "Microsoft.Telemetry.Inbox.Native",
      "SPDXID": "SPDXRef-Package-0E13AAD00D3394DF297FCA773EC1B0EDEF66F936E6C99311CBC4763108E2033B",
      "downloadLocation": "NOASSERTION",
      "filesAnalyzed": false,
      "licenseConcluded": "NOASSERTION",
      "licenseDeclared": "NOASSERTION",
      "copyrightText": "NOASSERTION",
      "versionInfo": "10.0.18362.1-190318-1202.19h1-release.amd64fre",
      "externalRefs": [
        {
          "referenceCategory": "PACKAGE-MANAGER",
          "referenceType": "purl",
          "referenceLocator": "pkg:nuget/Microsoft.Telemetry.Inbox.Native@10.0.18362.1-190318-1202.19h1-release.amd64fre"
        }
      ],
      "supplier": "NOASSERTION"
    },
    {
      "name": "powershell_libfido2",
      "SPDXID": "SPDXRef-Package-9E6200C7AEF3072AC50B4F0750F7AC3C0E12DF663CC774902350E2D9FD416A81",
      "downloadLocation": "https://github.com/PowerShell/libfido2/archive/refs/tags/1.14.0.zip",
      "filesAnalyzed": false,
      "licenseConcluded": "NOASSERTION",
      "licenseDeclared": "NOASSERTION",
      "copyrightText": "NOASSERTION",
      "versionInfo": "1.14.0",
      "supplier": "NOASSERTION"
    },
    {
      "name": "OpenSSH",
      "SPDXID": "SPDXRef-RootPackage",
      "downloadLocation": "NOASSERTION",
      "packageVerificationCode": {
        "packageVerificationCodeValue": "7e6b71df14039e51a885c5f0b3908dc12891b7b9"
      },
      "filesAnalyzed": true,
      "licenseConcluded": "NOASSERTION",
      "licenseInfoFromFiles": [
        "NOASSERTION"
      ],
      "licenseDeclared": "NOASSERTION",
      "copyrightText": "NOASSERTION",
      "versionInfo": "v9.5.0.0",
      "externalRefs": [
        {
          "referenceCategory": "PACKAGE-MANAGER",
          "referenceType": "purl",
          "referenceLocator": "pkg:swid/Microsoft/sbom.microsoft/OpenSSH@v9.5.0.0?tag_id=2aa2eaf7-aaf4-42bc-95fb-360b5aa29a51"
        }
      ],
      "supplier": "Organization: Microsoft",
      "hasFiles": [
        "SPDXRef-File--ssh-pkcs11-helper.exe-705BE7696B16B40608ED4DC6EEE6B8437473F9C0",
        "SPDXRef-File--ssh-sk-helper.exe-AB2B4BBB03ACD825918B40D0D75E0EFE11424968",
        "SPDXRef-File--ssh-keygen.exe-401918E19353BDE9EB577B75C842098064D0C4CA",
        "SPDXRef-File--ssh-shellhost.exe-22977500188C0C081C794D7BF81A08EBF18A27AD",
        "SPDXRef-File--uninstall-sshd.ps1-98852786FDAA383178B2485ADFA77D867569531F",
        "SPDXRef-File--ssh.exe-5AEEAA9717CD18AC6F53798543FC1678A2701C8B",
        "SPDXRef-File--sftp-server.exe-F5BEF2555A6C62682A97E6690BEFAC01E747830F",
        "SPDXRef-File--OpenSSHUtils.psm1-BBC2F4BAF3888350EF8455334B58DCEDB22BC638",
        "SPDXRef-File--openssh-events.man-39F0E1C5FDF3F456EEAF9F1A5696A7CA64617F86",
        "SPDXRef-File--FixUserFilePermissions.ps1-53D706598AA1FB2918957843AD6C7D7CB6A73923",
        "SPDXRef-File--sshd-config-default-825CDEC4CF05869C74B01E7A1C8BF3C5E2C45CD8",
        "SPDXRef-File--ssh-agent.exe-5692E9053C43563D06442DCC679D6B6C55D1FE2F",
        "SPDXRef-File--NOTICE.txt-0C6BEDA8BE1A704C0C2615D4A481BACA0E56372D",
        "SPDXRef-File--scp.exe-B6BC816D52740F3A28D43F5051B18FE07512F69D",
        "SPDXRef-File--install-sshd.ps1-99759E0678BE77A97A97FD070F56793A769C2F26",
        "SPDXRef-File--libcrypto.dll-E03756080FCBD7E2F976C1D7EABFF606DD029972",
        "SPDXRef-File--sftp.exe-2B782304314C154D66E15C80776BE0465E4CCEDB",
        "SPDXRef-File--LICENSE.txt-A7739A32F1926D71A9EB22D101287ECEA09A6AC5",
        "SPDXRef-File--ssh-keyscan.exe-D3554449CB901CA7437D9EF9C93AEF34E00F8C77",
        "SPDXRef-File--OpenSSHUtils.psd1-64CDD5C4DCA9C87B8F0D62A157EF019FAA4EC22A",
        "SPDXRef-File--FixHostFilePermissions.ps1-3C1EF641BE705D907AAD40627CBD96CAD7166946",
        "SPDXRef-File--sshd.exe-CC03B25D4960178A72CF137BB4F634B9619D5965",
        "SPDXRef-File--ssh-add.exe-0A4C39A1B8AEE069828E1E06DB1DE0451FEA6EE0",
        "SPDXRef-File--moduli-07BBADDD000D6BFC1F3C30A314A5208A5F8B3AEF"
      ]
    }
  ],
  "externalDocumentRefs": [
    {
      "externalDocumentId": "DocumentRef-ZLib-1.3-954c206cebfe20c7d8d6413fd131bebdc36f9039",
      "spdxDocument": "https://sbom.microsoft/1:2QSF7qZlbE-F7QrUJlEo7g:Ifmy0CRpKEe0S33n1Rdb-w/1748:435286/ZLib:1.3:31b8OLNRLEmOO3WeVkbPxQ",
      "checksum": {
        "algorithm": "SHA1",
        "checksumValue": "954c206cebfe20c7d8d6413fd131bebdc36f9039"
      }
    },
    {
      "externalDocumentId": "DocumentRef-libfido2-1.9.0-310bd4fa72cec9ee54e77223406471f26f78a856",
      "spdxDocument": "https://sbom.microsoft/1:2QSF7qZlbE-F7QrUJlEo7g:Ifmy0CRpKEe0S33n1Rdb-w/1853:435610/libfido2:1.9.0:93nfKlPFskqYActXB9ihUQ",
      "checksum": {
        "algorithm": "SHA1",
        "checksumValue": "310bd4fa72cec9ee54e77223406471f26f78a856"
      }
    },
    {
      "externalDocumentId": "DocumentRef-LibreSSL-3.8.2-703648163083f513d486d8363f525021a6d08a91",
      "spdxDocument": "https://sbom.microsoft/1:2QSF7qZlbE-F7QrUJlEo7g:Ifmy0CRpKEe0S33n1Rdb-w/1750:435379/LibreSSL:3.8.2:ZQ-1YmWb40uaupP_NzN-UA",
      "checksum": {
        "algorithm": "SHA1",
        "checksumValue": "703648163083f513d486d8363f525021a6d08a91"
      }
    }
  ],
  "relationships": [
    {
      "relationshipType": "PREREQUISITE_FOR",
      "relatedSpdxElement": "DocumentRef-LibreSSL-3.8.2-703648163083f513d486d8363f525021a6d08a91:SPDXRef-RootPackage",
      "spdxElementId": "SPDXRef-RootPackage"
    },
    {
      "relationshipType": "DESCRIBED_BY",
      "relatedSpdxElement": "SPDXRef-DOCUMENT",
      "spdxElementId": "SPDXRef-File--..-..-s-OSS-Microsoft-OpenSSH-Dev-contrib-win32-openssh-LibreSSL--manifest-spdx-2.2-manifest.spdx.json-703648163083F513D486D8363F525021A6D08A91"
    },
    {
      "relationshipType": "DEPENDS_ON",
      "relatedSpdxElement": "SPDXRef-Package-9E6200C7AEF3072AC50B4F0750F7AC3C0E12DF663CC774902350E2D9FD416A81",
      "spdxElementId": "SPDXRef-RootPackage"
    },
    {
      "relationshipType": "DESCRIBES",
      "relatedSpdxElement": "SPDXRef-RootPackage",
      "spdxElementId": "SPDXRef-DOCUMENT"
    },
    {
      "relationshipType": "DEPENDS_ON",
      "relatedSpdxElement": "SPDXRef-Package-0E13AAD00D3394DF297FCA773EC1B0EDEF66F936E6C99311CBC4763108E2033B",
      "spdxElementId": "SPDXRef-RootPackage"
    },
    {
      "relationshipType": "PREREQUISITE_FOR",
      "relatedSpdxElement": "DocumentRef-ZLib-1.3-954c206cebfe20c7d8d6413fd131bebdc36f9039:SPDXRef-RootPackage",
      "spdxElementId": "SPDXRef-RootPackage"
    },
    {
      "relationshipType": "DESCRIBED_BY",
      "relatedSpdxElement": "SPDXRef-DOCUMENT",
      "spdxElementId": "SPDXRef-File--..-..-s-OSS-Microsoft-OpenSSH-Dev-contrib-win32-openssh-libfido2--manifest-spdx-2.2-manifest.spdx.json-310BD4FA72CEC9EE54E77223406471F26F78A856"
    },
    {
      "relationshipType": "DEPENDS_ON",
      "relatedSpdxElement": "SPDXRef-Package-E1D6D1090EC004EF8E5ACE051FE39067A45BFF860C462BE7D8FC326764DFF027",
      "spdxElementId": "SPDXRef-RootPackage"
    },
    {
      "relationshipType": "DEPENDS_ON",
      "relatedSpdxElement": "SPDXRef-Package-CABBB102315F68264C755296D76A974F23AAD1EFA8EF89711C4E89929131792F",
      "spdxElementId": "SPDXRef-RootPackage"
    },
    {
      "relationshipType": "DEPENDS_ON",
      "relatedSpdxElement": "SPDXRef-Package-0633FC36A057DF0C87EED52E5DEDF9B329FB7D81AAA4F276018A43EA45B452BD",
      "spdxElementId": "SPDXRef-RootPackage"
    },
    {
      "relationshipType": "PREREQUISITE_FOR",
      "relatedSpdxElement": "DocumentRef-libfido2-1.9.0-310bd4fa72cec9ee54e77223406471f26f78a856:SPDXRef-RootPackage",
      "spdxElementId": "SPDXRef-RootPackage"
    },
    {
      "relationshipType": "DEPENDS_ON",
      "relatedSpdxElement": "SPDXRef-Package-8E19BEDF1EF380B338DB20F1048FF763D0578C185910D40C62204AFA51D29532",
      "spdxElementId": "SPDXRef-RootPackage"
    },
    {
      "relationshipType": "DESCRIBED_BY",
      "relatedSpdxElement": "SPDXRef-DOCUMENT",
      "spdxElementId": "SPDXRef-File--..-..-s-OSS-Microsoft-OpenSSH-Dev-contrib-win32-openssh-ZLib--manifest-spdx-2.2-manifest.spdx.json-954C206CEBFE20C7D8D6413FD131BEBDC36F9039"
    },
    {
      "relationshipType": "DEPENDS_ON",
      "relatedSpdxElement": "SPDXRef-Package-66BF7592AFBC2CD50D9FC5F18ABAFA76ABBBF9C3F2847C95D1F99D150B3CE46D",
      "spdxElementId": "SPDXRef-RootPackage"
    },
    {
      "relationshipType": "DEPENDS_ON",
      "relatedSpdxElement": "SPDXRef-Package-EF6CDF9F1FC7596E226D734530809E9E82AD8AF8A15D3F13085AB4E09523033E",
      "spdxElementId": "SPDXRef-RootPackage"
    },
    {
      "relationshipType": "DEPENDS_ON",
      "relatedSpdxElement": "SPDXRef-Package-E17DDC71403E9F2B1007C3A60AE26F724C7E742A1D6D5FBE9816B0532D7F73B9",
      "spdxElementId": "SPDXRef-RootPackage"
    }
  ],
  "spdxVersion": "SPDX-2.2",
  "dataLicense": "CC0-1.0",
  "SPDXID": "SPDXRef-DOCUMENT",
  "name": "OpenSSH v9.5.0.0",
  "documentNamespace": "https://sbom.microsoft/1:2QSF7qZlbE-F7QrUJlEo7g:Ifmy0CRpKEe0S33n1Rdb-w/1908:435989/OpenSSH:v9.5.0.0:lbXrrfQvqkSOxk66Lebdew",
  "creationInfo": {
    "created": "2023-12-13T16:48:36Z",
    "creators": [
      "Organization: Microsoft",
      "Tool: Microsoft.SBOMTool-2.2.1"
    ]
  },
  "documentDescribes": [
    "SPDXRef-RootPackage"
  ]
}