{
  "files": [
    {
      "fileName": "./../../s/OSS_Microsoft_OpenSSH_Dev/contrib/win32/openssh/ZLib/_manifest/spdx_2.2/manifest.spdx.json",
      "SPDXID": "SPDXRef-File--..-..-s-OSS-Microsoft-OpenSSH-Dev-contrib-win32-openssh-ZLib--manifest-spdx-2.2-manifest.spdx.json-25599F97CEDC67D207728F4A17D7964C1C334C17",
      "checksums": [
        {
          "algorithm": "SHA256",
          "checksumValue": "ac94062a00f2a41900b3b8dc8b1ffd53004a936443853e3abc2ca9bb591aadb2"
        },
        {
          "algorithm": "SHA1",
          "checksumValue": "25599f97cedc67d207728f4a17d7964c1c334c17"
        }
      ],
      "licenseConcluded": "NOASSERTION",
      "licenseInfoInFiles": [
        "NOASSERTION"
      ],
      "copyrightText": "NOASSERTION",
      "fileTypes": [
        "SPDX"
      ]
    },
    {
      "fileName": "./../../s/OSS_Microsoft_OpenSSH_Dev/contrib/win32/openssh/LibreSSL/_manifest/spdx_2.2/manifest.spdx.json",
      "SPDXID": "SPDXRef-File--..-..-s-OSS-Microsoft-OpenSSH-Dev-contrib-win32-openssh-LibreSSL--manifest-spdx-2.2-manifest.spdx.json-C436EE80FDB5B090F617CDD6CE736561A9C4DB98",
      "checksums": [
        {
          "algorithm": "SHA256",
          "checksumValue": "b5f2abf591bea1edbaf3e9a3bd0abd922c9fa12e5db1f13219457af263c71a2d"
        },
        {
          "algorithm": "SHA1",
          "checksumValue": "c436ee80fdb5b090f617cdd6ce736561a9c4db98"
        }
      ],
      "licenseConcluded": "NOASSERTION",
      "licenseInfoInFiles": [
        "NOASSERTION"
      ],
      "copyrightText": "NOASSERTION",
      "fileTypes": [
        "SPDX"
      ]
    },
    {
      "fileName": "./../../s/OSS_Microsoft_OpenSSH_Dev/contrib/win32/openssh/libfido2/_manifest/spdx_2.2/manifest.spdx.json",
      "SPDXID": "SPDXRef-File--..-..-s-OSS-Microsoft-OpenSSH-Dev-contrib-win32-openssh-libfido2--manifest-spdx-2.2-manifest.spdx.json-FAFB024111B424EDE04E78A28EDFCE894549C7F5",
      "checksums": [
        {
          "algorithm": "SHA256",
          "checksumValue": "ba485f29802a8003acaf45a6b026e99ca12923d9179d16ae5ffa5d1fdead14ea"
        },
        {
          "algorithm": "SHA1",
          "checksumValue": "fafb024111b424ede04e78a28edfce894549c7f5"
        }
      ],
      "licenseConcluded": "NOASSERTION",
      "licenseInfoInFiles": [
        "NOASSERTION"
      ],
      "copyrightText": "NOASSERTION",
      "fileTypes": [
        "SPDX"
      ]
    },
    {
      "fileName": "./FixHostFilePermissions.ps1",
      "SPDXID": "SPDXRef-File--FixHostFilePermissions.ps1-633F2878344F56A9143140E2704962A9A3703136",
      "checksums": [
        {
          "algorithm": "SHA256",
          "checksumValue": "667b980bba3e7c8edcaa193118401c3f9f21af1f345deea50a19d579a80c0b34"
        },
        {
          "algorithm": "SHA1",
          "checksumValue": "633f2878344f56a9143140e2704962a9a3703136"
        }
      ],
      "licenseConcluded": "NOASSERTION",
      "licenseInfoInFiles": [
        "NOASSERTION"
      ],
      "copyrightText": "NOASSERTION"
    },
    {
      "fileName": "./OpenSSHUtils.psd1",
      "SPDXID": "SPDXRef-File--OpenSSHUtils.psd1-BB3F88892D03E918E3D7F7A8F479993E444DFE41",
      "checksums": [
        {
          "algorithm": "SHA256",
          "checksumValue": "d4c51e1a0b78864b698721e05cc16cf98ebdb3ee36e57965eb0344cebd769405"
        },
        {
          "algorithm": "SHA1",
          "checksumValue": "bb3f88892d03e918e3d7f7a8f479993e444dfe41"
        }
      ],
      "licenseConcluded": "NOASSERTION",
      "licenseInfoInFiles": [
        "NOASSERTION"
      ],
      "copyrightText": "NOASSERTION"
    },
    {
      "fileName": "./ssh-keyscan.exe",
      "SPDXID": "SPDXRef-File--ssh-keyscan.exe-F14508AE0E33F904F8E4EF699B8EF710C876883E",
      "checksums": [
        {
          "algorithm": "SHA256",
          "checksumValue": "17d1780ddaf4a6cd426d09688e153f675a142d61ea98821511a9b0ca0aa65da3"
        },
        {
          "algorithm": "SHA1",
          "checksumValue": "f14508ae0e33f904f8e4ef699b8ef710c876883e"
        }
      ],
      "licenseConcluded": "NOASSERTION",
      "licenseInfoInFiles": [
        "NOASSERTION"
      ],
      "copyrightText": "NOASSERTION"
    },
    {
      "fileName": "./FixUserFilePermissions.ps1",
      "SPDXID": "SPDXRef-File--FixUserFilePermissions.ps1-B5B7444D72E7680735F5F6478217D98A44615E41",
      "checksums": [
        {
          "algorithm": "SHA256",
          "checksumValue": "37bfa3042e38a00540e3206a960f0768b534f4226a9bc3e28cc1f5d93368bd4e"
        },
        {
          "algorithm": "SHA1",
          "checksumValue": "b5b7444d72e7680735f5f6478217d98a44615e41"
        }
      ],
      "licenseConcluded": "NOASSERTION",
      "licenseInfoInFiles": [
        "NOASSERTION"
      ],
      "copyrightText": "NOASSERTION"
    },
    {
      "fileName": "./OpenSSHUtils.psm1",
      "SPDXID": "SPDXRef-File--OpenSSHUtils.psm1-E13DD4B7B50B9AAEABA92EA72D57BBDD4C7AEBB2",
      "checksums": [
        {
          "algorithm": "SHA256",
          "checksumValue": "4770d958442da6eb987b2ba517bc01483ef6e89cf90165ba84792c1649b1b6cb"
        },
        {
          "algorithm": "SHA1",
          "checksumValue": "e13dd4b7b50b9aaeaba92ea72d57bbdd4c7aebb2"
        }
      ],
      "licenseConcluded": "NOASSERTION",
      "licenseInfoInFiles": [
        "NOASSERTION"
      ],
      "copyrightText": "NOASSERTION"
    },
    {
      "fileName": "./ssh-pkcs11-helper.exe",
      "SPDXID": "SPDXRef-File--ssh-pkcs11-helper.exe-DEBD4DAB4ABF5E12A111E727B52A5069D11942D6",
      "checksums": [
        {
          "algorithm": "SHA256",
          "checksumValue": "74799513616cad793f6e15445695f353395c0dc23d5f1af9074b23159c8ba2e0"
        },
        {
          "algorithm": "SHA1",
          "checksumValue": "debd4dab4abf5e12a111e727b52a5069d11942d6"
        }
      ],
      "licenseConcluded": "NOASSERTION",
      "licenseInfoInFiles": [
        "NOASSERTION"
      ],
      "copyrightText": "NOASSERTION"
    },
    {
      "fileName": "./install-sshd.ps1",
      "SPDXID": "SPDXRef-File--install-sshd.ps1-B0264C36362FA360102FE269130DA28D4890D610",
      "checksums": [
        {
          "algorithm": "SHA256",
          "checksumValue": "9098ffdaf8fbf623deed53e88981d725128984b6f673c3d93b591e4adf36d87d"
        },
        {
          "algorithm": "SHA1",
          "checksumValue": "b0264c36362fa360102fe269130da28d4890d610"
        }
      ],
      "licenseConcluded": "NOASSERTION",
      "licenseInfoInFiles": [
        "NOASSERTION"
      ],
      "copyrightText": "NOASSERTION"
    },
    {
      "fileName": "./scp.exe",
      "SPDXID": "SPDXRef-File--scp.exe-C199B5D1E2198F6D1C21E329C595201419F74325",
      "checksums": [
        {
          "algorithm": "SHA256",
          "checksumValue": "0e152e45756a59db609af3e808ef5f0e3a6413cf1099c1aa5291516eb34743a6"
        },
        {
          "algorithm": "SHA1",
          "checksumValue": "c199b5d1e2198f6d1c21e329c595201419f74325"
        }
      ],
      "licenseConcluded": "NOASSERTION",
      "licenseInfoInFiles": [
        "NOASSERTION"
      ],
      "copyrightText": "NOASSERTION"
    },
    {
      "fileName": "./ssh-shellhost.exe",
      "SPDXID": "SPDXRef-File--ssh-shellhost.exe-1349C0BF3AB0338F93BFE810F60E2F4C980C44F3",
      "checksums": [
        {
          "algorithm": "SHA256",
          "checksumValue": "40db00521640b9f92e7bf6fbae6cd0a66f771b39be0db150fffde04bd77ab853"
        },
        {
          "algorithm": "SHA1",
          "checksumValue": "1349c0bf3ab0338f93bfe810f60e2f4c980c44f3"
        }
      ],
      "licenseConcluded": "NOASSERTION",
      "licenseInfoInFiles": [
        "NOASSERTION"
      ],
      "copyrightText": "NOASSERTION"
    },
    {
      "fileName": "./libcrypto.dll",
      "SPDXID": "SPDXRef-File--libcrypto.dll-A3D13CCBEF77058F830D68CB2CA41F66BCCAC2D7",
      "checksums": [
        {
          "algorithm": "SHA256",
          "checksumValue": "719985755345598aa588d754b2b8f43dfab2a9fe613585a6f92e2ef680ed5b49"
        },
        {
          "algorithm": "SHA1",
          "checksumValue": "a3d13ccbef77058f830d68cb2ca41f66bccac2d7"
        }
      ],
      "licenseConcluded": "NOASSERTION",
      "licenseInfoInFiles": [
        "NOASSERTION"
      ],
      "copyrightText": "NOASSERTION"
    },
    {
      "fileName": "./sftp-server.exe",
      "SPDXID": "SPDXRef-File--sftp-server.exe-DFC25BEDCCFA87B17DC304B17E39ABC9627E1804",
      "checksums": [
        {
          "algorithm": "SHA256",
          "checksumValue": "13ddd0016c9b50ce48f5647fb19cfe4b885c9eb0d6a989e562a90c8eea30926c"
        },
        {
          "algorithm": "SHA1",
          "checksumValue": "dfc25bedccfa87b17dc304b17e39abc9627e1804"
        }
      ],
      "licenseConcluded": "NOASSERTION",
      "licenseInfoInFiles": [
        "NOASSERTION"
      ],
      "copyrightText": "NOASSERTION"
    },
    {
      "fileName": "./ssh-sk-helper.exe",
      "SPDXID": "SPDXRef-File--ssh-sk-helper.exe-19380F9D01E6282BDC811925342D8D89CCA98CBB",
      "checksums": [
        {
          "algorithm": "SHA256",
          "checksumValue": "f7a61f4a2cf2690df52fa18cde0b989c799a62ecb4a96959b80944d893f9ac6f"
        },
        {
          "algorithm": "SHA1",
          "checksumValue": "19380f9d01e6282bdc811925342d8d89cca98cbb"
        }
      ],
      "licenseConcluded": "NOASSERTION",
      "licenseInfoInFiles": [
        "NOASSERTION"
      ],
      "copyrightText": "NOASSERTION"
    },
    {
      "fileName": "./openssh-events.man",
      "SPDXID": "SPDXRef-File--openssh-events.man-39F0E1C5FDF3F456EEAF9F1A5696A7CA64617F86",
      "checksums": [
        {
          "algorithm": "SHA256",
          "checksumValue": "c36019e53e3045cba2639bf35ed1e2498e3563b272533e53301165c31ab60199"
        },
        {
          "algorithm": "SHA1",
          "checksumValue": "39f0e1c5fdf3f456eeaf9f1a5696a7ca64617f86"
        }
      ],
      "licenseConcluded": "NOASSERTION",
      "licenseInfoInFiles": [
        "NOASSERTION"
      ],
      "copyrightText": "NOASSERTION"
    },
    {
      "fileName": "./ssh-keygen.exe",
      "SPDXID": "SPDXRef-File--ssh-keygen.exe-3F4FED8A6FF77E34F3C5D26AAEDB6B9D9DFD53F1",
      "checksums": [
        {
          "algorithm": "SHA256",
          "checksumValue": "c8789bb573ee4a7142d5aa15cca2b9ceb70cec52ee5e51196ecf85ebc14f448d"
        },
        {
          "algorithm": "SHA1",
          "checksumValue": "3f4fed8a6ff77e34f3c5d26aaedb6b9d9dfd53f1"
        }
      ],
      "licenseConcluded": "NOASSERTION",
      "licenseInfoInFiles": [
        "NOASSERTION"
      ],
      "copyrightText": "NOASSERTION"
    },
    {
      "fileName": "./uninstall-sshd.ps1",
      "SPDXID": "SPDXRef-File--uninstall-sshd.ps1-89C611243CD848102C5A59120B22F99F84AFDD3E",
      "checksums": [
        {
          "algorithm": "SHA256",
          "checksumValue": "59cda12e6f6d430ec7abbbf2909caa2fb69cc93656df57d3c19fca908df3b0b0"
        },
        {
          "algorithm": "SHA1",
          "checksumValue": "89c611243cd848102c5a59120b22f99f84afdd3e"
        }
      ],
      "licenseConcluded": "NOASSERTION",
      "licenseInfoInFiles": [
        "NOASSERTION"
      ],
      "copyrightText": "NOASSERTION"
    },
    {
      "fileName": "./LICENSE.txt",
      "SPDXID": "SPDXRef-File--LICENSE.txt-A7739A32F1926D71A9EB22D101287ECEA09A6AC5",
      "checksums": [
        {
          "algorithm": "SHA256",
          "checksumValue": "e6a25da96c2fccdc025caad56d99f87851ec3fe814a3cea83f2bc77ffc800681"
        },
        {
          "algorithm": "SHA1",
          "checksumValue": "a7739a32f1926d71a9eb22d101287ecea09a6ac5"
        }
      ],
      "licenseConcluded": "NOASSERTION",
      "licenseInfoInFiles": [
        "NOASSERTION"
      ],
      "copyrightText": "NOASSERTION"
    },
    {
      "fileName": "./moduli",
      "SPDXID": "SPDXRef-File--moduli-4C7A68477C9B679EB0208BE182C9E8C02FA8DE7D",
      "checksums": [
        {
          "algorithm": "SHA256",
          "checksumValue": "df3b04c4b63ee4e4d2b99eb6d5756b73604773b6c8dcb4ee75ba669e2952ad4c"
        },
        {
          "algorithm": "SHA1",
          "checksumValue": "4c7a68477c9b679eb0208be182c9e8c02fa8de7d"
        }
      ],
      "licenseConcluded": "NOASSERTION",
      "licenseInfoInFiles": [
        "NOASSERTION"
      ],
      "copyrightText": "NOASSERTION"
    },
    {
      "fileName": "./NOTICE.txt",
      "SPDXID": "SPDXRef-File--NOTICE.txt-0C6BEDA8BE1A704C0C2615D4A481BACA0E56372D",
      "checksums": [
        {
          "algorithm": "SHA256",
          "checksumValue": "2cd5f5d0064bc909dfe0f0fc8f4787882c7c379f2730d89e5faa0c2bc57c620b"
        },
        {
          "algorithm": "SHA1",
          "checksumValue": "0c6beda8be1a704c0c2615d4a481baca0e56372d"
        }
      ],
      "licenseConcluded": "NOASSERTION",
      "licenseInfoInFiles": [
        "NOASSERTION"
      ],
      "copyrightText": "NOASSERTION"
    },
    {
      "fileName": "./sftp.exe",
      "SPDXID": "SPDXRef-File--sftp.exe-EE5E867B766DDB236D028C27A7D7B2FDBEE324D8",
      "checksums": [
        {
          "algorithm": "SHA256",
          "checksumValue": "42860705b0d615ceaf69009c3e25a741cd7378835fdff954647666ef6aba3d08"
        },
        {
          "algorithm": "SHA1",
          "checksumValue": "ee5e867b766ddb236d028c27a7d7b2fdbee324d8"
        }
      ],
      "licenseConcluded": "NOASSERTION",
      "licenseInfoInFiles": [
        "NOASSERTION"
      ],
      "copyrightText": "NOASSERTION"
    },
    {
      "fileName": "./ssh.exe",
      "SPDXID": "SPDXRef-File--ssh.exe-72D87BC93553E63D5154813DF3EACE8001A36408",
      "checksums": [
        {
          "algorithm": "SHA256",
          "checksumValue": "028bceda7ee627a7dca3a02c646ebefc8de4f2970f45005bce99b13f6e8894d4"
        },
        {
          "algorithm": "SHA1",
          "checksumValue": "72d87bc93553e63d5154813df3eace8001a36408"
        }
      ],
      "licenseConcluded": "NOASSERTION",
      "licenseInfoInFiles": [
        "NOASSERTION"
      ],
      "copyrightText": "NOASSERTION"
    },
    {
      "fileName": "./ssh-agent.exe",
      "SPDXID": "SPDXRef-File--ssh-agent.exe-BCBD70E29BEE660623495DB4F82A2F2D2F251F61",
      "checksums": [
        {
          "algorithm": "SHA256",
          "checksumValue": "fd1ae0033dbe13ce4e0b78d2e8ccca787ab7c281e30399d580c9b01ae4054ec4"
        },
        {
          "algorithm": "SHA1",
          "checksumValue": "bcbd70e29bee660623495db4f82a2f2d2f251f61"
        }
      ],
      "licenseConcluded": "NOASSERTION",
      "licenseInfoInFiles": [
        "NOASSERTION"
      ],
      "copyrightText": "NOASSERTION"
    },
    {
      "fileName": "./ssh-add.exe",
      "SPDXID": "SPDXRef-File--ssh-add.exe-DB9AADC44765E32C2623A7A9DCFEE7D28BF86561",
      "checksums": [
        {
          "algorithm": "SHA256",
          "checksumValue": "44ab3cce52759e5678ba1223f838858a67e3f004ca25bafbc5157df234428049"
        },
        {
          "algorithm": "SHA1",
          "checksumValue": "db9aadc44765e32c2623a7a9dcfee7d28bf86561"
        }
      ],
      "licenseConcluded": "NOASSERTION",
      "licenseInfoInFiles": [
        "NOASSERTION"
      ],
      "copyrightText": "NOASSERTION"
    },
    {
      "fileName": "./sshd_config_default",
      "SPDXID": "SPDXRef-File--sshd-config-default-825CDEC4CF05869C74B01E7A1C8BF3C5E2C45CD8",
      "checksums": [
        {
          "algorithm": "SHA256",
          "checksumValue": "99f373a06dfa706f0a8a98d655c776850305b4b1ea3bf9a33fa926897bb15649"
        },
        {
          "algorithm": "SHA1",
          "checksumValue": "825cdec4cf05869c74b01e7a1c8bf3c5e2c45cd8"
        }
      ],
      "licenseConcluded": "NOASSERTION",
      "licenseInfoInFiles": [
        "NOASSERTION"
      ],
      "copyrightText": "NOASSERTION"
    },
    {
      "fileName": "./sshd.exe",
      "SPDXID": "SPDXRef-File--sshd.exe-4BD6134A86E2D00C67E459A48D13BD530DB84166",
      "checksums": [
        {
          "algorithm": "SHA256",
          "checksumValue": "268741c8142585c1bfca7199951f0b548cb24f6d087c9a687ef63eda5d1f629a"
        },
        {
          "algorithm": "SHA1",
          "checksumValue": "4bd6134a86e2d00c67e459a48d13bd530db84166"
        }
      ],
      "licenseConcluded": "NOASSERTION",
      "licenseInfoInFiles": [
        "NOASSERTION"
      ],
      "copyrightText": "NOASSERTION"
    }
  ],
  "packages": [
    {
      "name": "powershell_libfido2",
      "SPDXID": "SPDXRef-Package-F9A6ED6B8745E751FA3E761A1089EA8B0BE70D1EEF9D3460589B3BD062C5E186",
      "downloadLocation": "https://github.com/PowerShell/libfido2/archive/refs/tags/1.13.0.zip",
      "filesAnalyzed": false,
      "licenseConcluded": "NOASSERTION",
      "licenseInfoFromFiles": [
        "NOASSERTION"
      ],
      "licenseDeclared": "NOASSERTION",
      "copyrightText": "NOASSERTION",
      "versionInfo": "1.13.0",
      "supplier": "NOASSERTION"
    },
    {
      "name": "libressl",
      "SPDXID": "SPDXRef-Package-D99FD5198E77054A28846E4E999C4FCAEC8B86428588D6C3F297E337BFAAAC40",
      "downloadLocation": "https://www.libressl.org/",
      "filesAnalyzed": false,
      "licenseConcluded": "NOASSERTION",
      "licenseInfoFromFiles": [
        "NOASSERTION"
      ],
      "licenseDeclared": "NOASSERTION",
      "copyrightText": "NOASSERTION",
      "versionInfo": "3.7.2.0",
      "supplier": "NOASSERTION"
    },
    {
      "name": "libfido2",
      "SPDXID": "SPDXRef-Package-F63F25FDE81D1022980E34CC310C72D38C9CBC90844731304A8FB98D9E0990E1",
      "downloadLocation": "https://github.com/Yubico/libfido2",
      "filesAnalyzed": false,
      "licenseConcluded": "NOASSERTION",
      "licenseInfoFromFiles": [
        "NOASSERTION"
      ],
      "licenseDeclared": "NOASSERTION",
      "copyrightText": "NOASSERTION",
      "versionInfo": "1.13.0",
      "supplier": "NOASSERTION"
    },
    {
      "name": "powershell_zlib",
      "SPDXID": "SPDXRef-Package-19B4BB6515DFF8C58B23AA8A19F56B1ED91ECE605C6E2AF619473C4E4273B86F",
      "downloadLocation": "https://github.com/PowerShell/ZLib/releases/tag/V1.2.13.zip",
      "filesAnalyzed": false,
      "licenseConcluded": "NOASSERTION",
      "licenseInfoFromFiles": [
        "NOASSERTION"
      ],
      "licenseDeclared": "NOASSERTION",
      "copyrightText": "NOASSERTION",
      "versionInfo": "1.2.13",
      "supplier": "NOASSERTION"
    },
    {
      "name": "powershell_libressl",
      "SPDXID": "SPDXRef-Package-577D7580CF881B7AA98D5B37C0CAF4D38AD0E90F05E7FA398BE8C18DEDF4E853",
      "downloadLocation": "https://github.com/PowerShell/LibreSSL/releases/tag/V3.7.2.0.zip",
      "filesAnalyzed": false,
      "licenseConcluded": "NOASSERTION",
      "licenseInfoFromFiles": [
        "NOASSERTION"
      ],
      "licenseDeclared": "NOASSERTION",
      "copyrightText": "NOASSERTION",
      "versionInfo": "3.7.2.0",
      "supplier": "NOASSERTION"
    },
    {
      "name": "powershell_libcbor",
      "SPDXID": "SPDXRef-Package-0633FC36A057DF0C87EED52E5DEDF9B329FB7D81AAA4F276018A43EA45B452BD",
      "downloadLocation": "https://github.com/PowerShell/libcbor",
      "filesAnalyzed": false,
      "licenseConcluded": "NOASSERTION",
      "licenseInfoFromFiles": [
        "NOASSERTION"
      ],
      "licenseDeclared": "NOASSERTION",
      "copyrightText": "NOASSERTION",
      "versionInfo": "0.10.1",
      "supplier": "NOASSERTION"
    },
    {
      "name": "libcbor",
      "SPDXID": "SPDXRef-Package-E17DDC71403E9F2B1007C3A60AE26F724C7E742A1D6D5FBE9816B0532D7F73B9",
      "downloadLocation": "https://github.com/PJK/libcbor",
      "filesAnalyzed": false,
      "licenseConcluded": "NOASSERTION",
      "licenseInfoFromFiles": [
        "NOASSERTION"
      ],
      "licenseDeclared": "NOASSERTION",
      "copyrightText": "NOASSERTION",
      "versionInfo": "0.10.1",
      "supplier": "NOASSERTION"
    },
    {
      "name": "Microsoft.Telemetry.Inbox.Native",
      "SPDXID": "SPDXRef-Package-0E13AAD00D3394DF297FCA773EC1B0EDEF66F936E6C99311CBC4763108E2033B",
      "downloadLocation": "NOASSERTION",
      "filesAnalyzed": false,
      "licenseConcluded": "NOASSERTION",
      "licenseInfoFromFiles": [
        "NOASSERTION"
      ],
      "licenseDeclared": "NOASSERTION",
      "copyrightText": "NOASSERTION",
      "versionInfo": "10.0.18362.1-190318-1202.19h1-release.amd64fre",
      "externalRefs": [
        {
          "referenceCategory": "PACKAGE-MANAGER",
          "referenceType": "purl",
          "referenceLocator": "pkg:nuget/Microsoft.Telemetry.Inbox.Native@10.0.18362.1-190318-1202.19h1-release.amd64fre"
        }
      ],
      "supplier": "NOASSERTION"
    },
    {
      "name": "zlib",
      "SPDXID": "SPDXRef-Package-A9EB5C4218FA0D266FC5C664B8CAF9359754084A15E5398DE2212E4FC43EBF88",
      "downloadLocation": "http://zlib.net/",
      "filesAnalyzed": false,
      "licenseConcluded": "NOASSERTION",
      "licenseInfoFromFiles": [
        "NOASSERTION"
      ],
      "licenseDeclared": "NOASSERTION",
      "copyrightText": "NOASSERTION",
      "versionInfo": "1.2.13",
      "supplier": "NOASSERTION"
    },
    {
      "name": "OpenSSH",
      "SPDXID": "SPDXRef-RootPackage",
      "downloadLocation": "NOASSERTION",
      "packageVerificationCode": {
        "packageVerificationCodeValue": "94fdba4421fd5cc21ba4ba22a8ee3bf7f199f0f3"
      },
      "filesAnalyzed": true,
      "licenseConcluded": "NOASSERTION",
      "licenseInfoFromFiles": [
        "NOASSERTION"
      ],
      "licenseDeclared": "NOASSERTION",
      "copyrightText": "NOASSERTION",
      "versionInfo": "v9.2.2.0",
      "supplier": "Organization: Microsoft",
      "hasFiles": [
        "SPDXRef-File--sshd-config-default-825CDEC4CF05869C74B01E7A1C8BF3C5E2C45CD8",
        "SPDXRef-File--ssh.exe-72D87BC93553E63D5154813DF3EACE8001A36408",
        "SPDXRef-File--sftp.exe-EE5E867B766DDB236D028C27A7D7B2FDBEE324D8",
        "SPDXRef-File--sshd.exe-4BD6134A86E2D00C67E459A48D13BD530DB84166",
        "SPDXRef-File--ssh-add.exe-DB9AADC44765E32C2623A7A9DCFEE7D28BF86561",
        "SPDXRef-File--ssh-agent.exe-BCBD70E29BEE660623495DB4F82A2F2D2F251F61",
        "SPDXRef-File--NOTICE.txt-0C6BEDA8BE1A704C0C2615D4A481BACA0E56372D",
        "SPDXRef-File--moduli-4C7A68477C9B679EB0208BE182C9E8C02FA8DE7D",
        "SPDXRef-File--LICENSE.txt-A7739A32F1926D71A9EB22D101287ECEA09A6AC5",
        "SPDXRef-File--uninstall-sshd.ps1-89C611243CD848102C5A59120B22F99F84AFDD3E",
        "SPDXRef-File--ssh-keygen.exe-3F4FED8A6FF77E34F3C5D26AAEDB6B9D9DFD53F1",
        "SPDXRef-File--openssh-events.man-39F0E1C5FDF3F456EEAF9F1A5696A7CA64617F86",
        "SPDXRef-File--ssh-sk-helper.exe-19380F9D01E6282BDC811925342D8D89CCA98CBB",
        "SPDXRef-File--sftp-server.exe-DFC25BEDCCFA87B17DC304B17E39ABC9627E1804",
        "SPDXRef-File--libcrypto.dll-A3D13CCBEF77058F830D68CB2CA41F66BCCAC2D7",
        "SPDXRef-File--ssh-shellhost.exe-1349C0BF3AB0338F93BFE810F60E2F4C980C44F3",
        "SPDXRef-File--scp.exe-C199B5D1E2198F6D1C21E329C595201419F74325",
        "SPDXRef-File--install-sshd.ps1-B0264C36362FA360102FE269130DA28D4890D610",
        "SPDXRef-File--ssh-pkcs11-helper.exe-DEBD4DAB4ABF5E12A111E727B52A5069D11942D6",
        "SPDXRef-File--OpenSSHUtils.psm1-E13DD4B7B50B9AAEABA92EA72D57BBDD4C7AEBB2",
        "SPDXRef-File--FixUserFilePermissions.ps1-B5B7444D72E7680735F5F6478217D98A44615E41",
        "SPDXRef-File--ssh-keyscan.exe-F14508AE0E33F904F8E4EF699B8EF710C876883E",
        "SPDXRef-File--OpenSSHUtils.psd1-BB3F88892D03E918E3D7F7A8F479993E444DFE41",
        "SPDXRef-File--FixHostFilePermissions.ps1-633F2878344F56A9143140E2704962A9A3703136"
      ]
    }
  ],
  "externalDocumentRefs": [
    {
      "externalDocumentId": "DocumentRef-libfido2-1.9.0-fafb024111b424ede04e78a28edfce894549c7f5",
      "spdxDocument": "https://sbom.microsoft/1:2QSF7qZlbE-F7QrUJlEo7g:Ifmy0CRpKEe0S33n1Rdb-w/1853:357059/libfido2:1.9.0:ov_hZKWN50-6IzLEiVuweg",
      "checksum": {
        "algorithm": "SHA1",
        "checksumValue": "fafb024111b424ede04e78a28edfce894549c7f5"
      }
    },
    {
      "externalDocumentId": "DocumentRef-LibreSSL-3.7.2-c436ee80fdb5b090f617cdd6ce736561a9c4db98",
      "spdxDocument": "https://sbom.microsoft/1:2QSF7qZlbE-F7QrUJlEo7g:Ifmy0CRpKEe0S33n1Rdb-w/1750:357000/LibreSSL:3.7.2:CvRDHk6EGEOsoQ7bVxW9zQ",
      "checksum": {
        "algorithm": "SHA1",
        "checksumValue": "c436ee80fdb5b090f617cdd6ce736561a9c4db98"
      }
    },
    {
      "externalDocumentId": "DocumentRef-ZLib-1.2.13-25599f97cedc67d207728f4a17d7964c1c334c17",
      "spdxDocument": "https://sbom.microsoft/1:2QSF7qZlbE-F7QrUJlEo7g:Ifmy0CRpKEe0S33n1Rdb-w/1748:309440/ZLib:1.2.13:f1B2BykuZEuu2dD2Z6ZtzA",
      "checksum": {
        "algorithm": "SHA1",
        "checksumValue": "25599f97cedc67d207728f4a17d7964c1c334c17"
      }
    }
  ],
  "relationships": [
    {
      "relationshipType": "DESCRIBED_BY",
      "relatedSpdxElement": "SPDXRef-DOCUMENT",
      "spdxElementId": "SPDXRef-File--..-..-s-OSS-Microsoft-OpenSSH-Dev-contrib-win32-openssh-libfido2--manifest-spdx-2.2-manifest.spdx.json-FAFB024111B424EDE04E78A28EDFCE894549C7F5"
    },
    {
      "relationshipType": "DESCRIBED_BY",
      "relatedSpdxElement": "SPDXRef-DOCUMENT",
      "spdxElementId": "SPDXRef-File--..-..-s-OSS-Microsoft-OpenSSH-Dev-contrib-win32-openssh-LibreSSL--manifest-spdx-2.2-manifest.spdx.json-C436EE80FDB5B090F617CDD6CE736561A9C4DB98"
    },
    {
      "relationshipType": "DESCRIBED_BY",
      "relatedSpdxElement": "SPDXRef-DOCUMENT",
      "spdxElementId": "SPDXRef-File--..-..-s-OSS-Microsoft-OpenSSH-Dev-contrib-win32-openssh-ZLib--manifest-spdx-2.2-manifest.spdx.json-25599F97CEDC67D207728F4A17D7964C1C334C17"
    },
    {
      "relationshipType": "DEPENDS_ON",
      "relatedSpdxElement": "SPDXRef-Package-A9EB5C4218FA0D266FC5C664B8CAF9359754084A15E5398DE2212E4FC43EBF88",
      "spdxElementId": "SPDXRef-RootPackage"
    },
    {
      "relationshipType": "DEPENDS_ON",
      "relatedSpdxElement": "SPDXRef-Package-0E13AAD00D3394DF297FCA773EC1B0EDEF66F936E6C99311CBC4763108E2033B",
      "spdxElementId": "SPDXRef-RootPackage"
    },
    {
      "relationshipType": "DEPENDS_ON",
      "relatedSpdxElement": "SPDXRef-Package-577D7580CF881B7AA98D5B37C0CAF4D38AD0E90F05E7FA398BE8C18DEDF4E853",
      "spdxElementId": "SPDXRef-RootPackage"
    },
    {
      "relationshipType": "DEPENDS_ON",
      "relatedSpdxElement": "SPDXRef-Package-F63F25FDE81D1022980E34CC310C72D38C9CBC90844731304A8FB98D9E0990E1",
      "spdxElementId": "SPDXRef-RootPackage"
    },
    {
      "relationshipType": "DEPENDS_ON",
      "relatedSpdxElement": "SPDXRef-Package-0633FC36A057DF0C87EED52E5DEDF9B329FB7D81AAA4F276018A43EA45B452BD",
      "spdxElementId": "SPDXRef-RootPackage"
    },
    {
      "relationshipType": "DEPENDS_ON",
      "relatedSpdxElement": "SPDXRef-Package-19B4BB6515DFF8C58B23AA8A19F56B1ED91ECE605C6E2AF619473C4E4273B86F",
      "spdxElementId": "SPDXRef-RootPackage"
    },
    {
      "relationshipType": "DEPENDS_ON",
      "relatedSpdxElement": "SPDXRef-Package-D99FD5198E77054A28846E4E999C4FCAEC8B86428588D6C3F297E337BFAAAC40",
      "spdxElementId": "SPDXRef-RootPackage"
    },
    {
      "relationshipType": "DEPENDS_ON",
      "relatedSpdxElement": "SPDXRef-Package-E17DDC71403E9F2B1007C3A60AE26F724C7E742A1D6D5FBE9816B0532D7F73B9",
      "spdxElementId": "SPDXRef-RootPackage"
    },
    {
      "relationshipType": "DEPENDS_ON",
      "relatedSpdxElement": "SPDXRef-Package-F9A6ED6B8745E751FA3E761A1089EA8B0BE70D1EEF9D3460589B3BD062C5E186",
      "spdxElementId": "SPDXRef-RootPackage"
    },
    {
      "relationshipType": "DESCRIBES",
      "relatedSpdxElement": "SPDXRef-RootPackage",
      "spdxElementId": "SPDXRef-DOCUMENT"
    },
    {
      "relationshipType": "PREREQUISITE_FOR",
      "relatedSpdxElement": "DocumentRef-ZLib-1.2.13-25599f97cedc67d207728f4a17d7964c1c334c17:SPDXRef-RootPackage",
      "spdxElementId": "SPDXRef-RootPackage"
    },
    {
      "relationshipType": "PREREQUISITE_FOR",
      "relatedSpdxElement": "DocumentRef-libfido2-1.9.0-fafb024111b424ede04e78a28edfce894549c7f5:SPDXRef-RootPackage",
      "spdxElementId": "SPDXRef-RootPackage"
    },
    {
      "relationshipType": "PREREQUISITE_FOR",
      "relatedSpdxElement": "DocumentRef-LibreSSL-3.7.2-c436ee80fdb5b090f617cdd6ce736561a9c4db98:SPDXRef-RootPackage",
      "spdxElementId": "SPDXRef-RootPackage"
    }
  ],
  "spdxVersion": "SPDX-2.2",
  "dataLicense": "CC0-1.0",
  "SPDXID": "SPDXRef-DOCUMENT",
  "name": "OpenSSH v9.2.2.0",
  "documentNamespace": "https://sbom.microsoft/1:2QSF7qZlbE-F7QrUJlEo7g:Ifmy0CRpKEe0S33n1Rdb-w/1908:357434/OpenSSH:v9.2.2.0:wRq-nvaGaky4AA5AYpFEjA",
  "creationInfo": {
    "created": "2023-04-12T18:16:16Z",
    "creators": [
      "Organization: Microsoft",
      "Tool: Microsoft.SBOMTool-0.3.3"
    ]
  },
  "documentDescribes": [
    "SPDXRef-RootPackage"
  ]
}