{
  "files": [
    {
      "fileName": "./../../s/OSS_Microsoft_OpenSSH_Dev/contrib/win32/openssh/ZLib/_manifest/spdx_2.2/manifest.spdx.json",
      "SPDXID": "SPDXRef-File--..-..-s-OSS-Microsoft-OpenSSH-Dev-contrib-win32-openssh-ZLib--manifest-spdx-2.2-manifest.spdx.json-25599F97CEDC67D207728F4A17D7964C1C334C17",
      "checksums": [
        {
          "algorithm": "SHA256",
          "checksumValue": "ac94062a00f2a41900b3b8dc8b1ffd53004a936443853e3abc2ca9bb591aadb2"
        },
        {
          "algorithm": "SHA1",
          "checksumValue": "25599f97cedc67d207728f4a17d7964c1c334c17"
        }
      ],
      "licenseConcluded": "NOASSERTION",
      "licenseInfoInFiles": [
        "NOASSERTION"
      ],
      "copyrightText": "NOASSERTION",
      "fileTypes": [
        "SPDX"
      ]
    },
    {
      "fileName": "./../../s/OSS_Microsoft_OpenSSH_Dev/contrib/win32/openssh/LibreSSL/_manifest/spdx_2.2/manifest.spdx.json",
      "SPDXID": "SPDXRef-File--..-..-s-OSS-Microsoft-OpenSSH-Dev-contrib-win32-openssh-LibreSSL--manifest-spdx-2.2-manifest.spdx.json-C436EE80FDB5B090F617CDD6CE736561A9C4DB98",
      "checksums": [
        {
          "algorithm": "SHA256",
          "checksumValue": "b5f2abf591bea1edbaf3e9a3bd0abd922c9fa12e5db1f13219457af263c71a2d"
        },
        {
          "algorithm": "SHA1",
          "checksumValue": "c436ee80fdb5b090f617cdd6ce736561a9c4db98"
        }
      ],
      "licenseConcluded": "NOASSERTION",
      "licenseInfoInFiles": [
        "NOASSERTION"
      ],
      "copyrightText": "NOASSERTION",
      "fileTypes": [
        "SPDX"
      ]
    },
    {
      "fileName": "./../../s/OSS_Microsoft_OpenSSH_Dev/contrib/win32/openssh/libfido2/_manifest/spdx_2.2/manifest.spdx.json",
      "SPDXID": "SPDXRef-File--..-..-s-OSS-Microsoft-OpenSSH-Dev-contrib-win32-openssh-libfido2--manifest-spdx-2.2-manifest.spdx.json-FAFB024111B424EDE04E78A28EDFCE894549C7F5",
      "checksums": [
        {
          "algorithm": "SHA256",
          "checksumValue": "ba485f29802a8003acaf45a6b026e99ca12923d9179d16ae5ffa5d1fdead14ea"
        },
        {
          "algorithm": "SHA1",
          "checksumValue": "fafb024111b424ede04e78a28edfce894549c7f5"
        }
      ],
      "licenseConcluded": "NOASSERTION",
      "licenseInfoInFiles": [
        "NOASSERTION"
      ],
      "copyrightText": "NOASSERTION",
      "fileTypes": [
        "SPDX"
      ]
    },
    {
      "fileName": "./FixHostFilePermissions.ps1",
      "SPDXID": "SPDXRef-File--FixHostFilePermissions.ps1-757F74944D08D6C4C473FCCD0ABD65048CAFA6EA",
      "checksums": [
        {
          "algorithm": "SHA256",
          "checksumValue": "0dea3e14f5deda207aaa8273c201319f50d7c804fa68d1c0839a811c53978104"
        },
        {
          "algorithm": "SHA1",
          "checksumValue": "757f74944d08d6c4c473fccd0abd65048cafa6ea"
        }
      ],
      "licenseConcluded": "NOASSERTION",
      "licenseInfoInFiles": [
        "NOASSERTION"
      ],
      "copyrightText": "NOASSERTION"
    },
    {
      "fileName": "./OpenSSHUtils.psd1",
      "SPDXID": "SPDXRef-File--OpenSSHUtils.psd1-11D1DBC14C3F3A168E66C0DD0A73E515A7C8F0A2",
      "checksums": [
        {
          "algorithm": "SHA256",
          "checksumValue": "20badd1292f18458d079ff7b29678fc1cc19378663ae01aafb683648d3ec0e95"
        },
        {
          "algorithm": "SHA1",
          "checksumValue": "11d1dbc14c3f3a168e66c0dd0a73e515a7c8f0a2"
        }
      ],
      "licenseConcluded": "NOASSERTION",
      "licenseInfoInFiles": [
        "NOASSERTION"
      ],
      "copyrightText": "NOASSERTION"
    },
    {
      "fileName": "./ssh-keyscan.exe",
      "SPDXID": "SPDXRef-File--ssh-keyscan.exe-2E92058F8D281DFB7B02E30FE8A9F4F946CC8BF9",
      "checksums": [
        {
          "algorithm": "SHA256",
          "checksumValue": "963d63556469006c633fdb8c9091edd011150495d0352be17815279383243ab5"
        },
        {
          "algorithm": "SHA1",
          "checksumValue": "2e92058f8d281dfb7b02e30fe8a9f4f946cc8bf9"
        }
      ],
      "licenseConcluded": "NOASSERTION",
      "licenseInfoInFiles": [
        "NOASSERTION"
      ],
      "copyrightText": "NOASSERTION"
    },
    {
      "fileName": "./FixUserFilePermissions.ps1",
      "SPDXID": "SPDXRef-File--FixUserFilePermissions.ps1-07CB53383AEA8E89B65FD60F32A35E2E946B24FC",
      "checksums": [
        {
          "algorithm": "SHA256",
          "checksumValue": "46680a942479ec0a3de07661c4472c849054da1ff1e721848d408d8f775beef4"
        },
        {
          "algorithm": "SHA1",
          "checksumValue": "07cb53383aea8e89b65fd60f32a35e2e946b24fc"
        }
      ],
      "licenseConcluded": "NOASSERTION",
      "licenseInfoInFiles": [
        "NOASSERTION"
      ],
      "copyrightText": "NOASSERTION"
    },
    {
      "fileName": "./OpenSSHUtils.psm1",
      "SPDXID": "SPDXRef-File--OpenSSHUtils.psm1-69F8CC76793FD8AD04F6CFBEC8E65C934CF021B5",
      "checksums": [
        {
          "algorithm": "SHA256",
          "checksumValue": "3f268a1dacece050bfea9be14204d19e49868d62a5a8500dafb84dace966c6e9"
        },
        {
          "algorithm": "SHA1",
          "checksumValue": "69f8cc76793fd8ad04f6cfbec8e65c934cf021b5"
        }
      ],
      "licenseConcluded": "NOASSERTION",
      "licenseInfoInFiles": [
        "NOASSERTION"
      ],
      "copyrightText": "NOASSERTION"
    },
    {
      "fileName": "./ssh-pkcs11-helper.exe",
      "SPDXID": "SPDXRef-File--ssh-pkcs11-helper.exe-DB00A869787936BFF09DB05CFFA5D373E56BFB2A",
      "checksums": [
        {
          "algorithm": "SHA256",
          "checksumValue": "156567e9694b91bfdcdcbed84e9fac5b9a31c2b7945d8c584b6872a6c2827892"
        },
        {
          "algorithm": "SHA1",
          "checksumValue": "db00a869787936bff09db05cffa5d373e56bfb2a"
        }
      ],
      "licenseConcluded": "NOASSERTION",
      "licenseInfoInFiles": [
        "NOASSERTION"
      ],
      "copyrightText": "NOASSERTION"
    },
    {
      "fileName": "./install-sshd.ps1",
      "SPDXID": "SPDXRef-File--install-sshd.ps1-17F2BA8DC7BFB17242736D2C29BB6508FADC493C",
      "checksums": [
        {
          "algorithm": "SHA256",
          "checksumValue": "e5260b73ae844cad22283f08e424e1ace033b9746ce0d91d90edbaaf9a6c001d"
        },
        {
          "algorithm": "SHA1",
          "checksumValue": "17f2ba8dc7bfb17242736d2c29bb6508fadc493c"
        }
      ],
      "licenseConcluded": "NOASSERTION",
      "licenseInfoInFiles": [
        "NOASSERTION"
      ],
      "copyrightText": "NOASSERTION"
    },
    {
      "fileName": "./scp.exe",
      "SPDXID": "SPDXRef-File--scp.exe-32E0F7C294750D78072E17BA69E295BD09318500",
      "checksums": [
        {
          "algorithm": "SHA256",
          "checksumValue": "59b803950f4e219ca94d4e7219af28ed4383e0856cae14d8c1aa16ec104b39f9"
        },
        {
          "algorithm": "SHA1",
          "checksumValue": "32e0f7c294750d78072e17ba69e295bd09318500"
        }
      ],
      "licenseConcluded": "NOASSERTION",
      "licenseInfoInFiles": [
        "NOASSERTION"
      ],
      "copyrightText": "NOASSERTION"
    },
    {
      "fileName": "./ssh-shellhost.exe",
      "SPDXID": "SPDXRef-File--ssh-shellhost.exe-8125B583865C0AB5F2AA41A5F7E71368E1177257",
      "checksums": [
        {
          "algorithm": "SHA256",
          "checksumValue": "63ec43ab47f9ea8cab99300902cc537589f6fd3ef050bfb7a648f2acfd83ebae"
        },
        {
          "algorithm": "SHA1",
          "checksumValue": "8125b583865c0ab5f2aa41a5f7e71368e1177257"
        }
      ],
      "licenseConcluded": "NOASSERTION",
      "licenseInfoInFiles": [
        "NOASSERTION"
      ],
      "copyrightText": "NOASSERTION"
    },
    {
      "fileName": "./libcrypto.dll",
      "SPDXID": "SPDXRef-File--libcrypto.dll-A9CAB8D081CF872F7960934A1F19122202A3FD41",
      "checksums": [
        {
          "algorithm": "SHA256",
          "checksumValue": "e090a2c1d73bc656561f89900570245ff9102ec66423e260059ebef0633b8872"
        },
        {
          "algorithm": "SHA1",
          "checksumValue": "a9cab8d081cf872f7960934a1f19122202a3fd41"
        }
      ],
      "licenseConcluded": "NOASSERTION",
      "licenseInfoInFiles": [
        "NOASSERTION"
      ],
      "copyrightText": "NOASSERTION"
    },
    {
      "fileName": "./sftp-server.exe",
      "SPDXID": "SPDXRef-File--sftp-server.exe-852E98F6983F6CC25906A32F9093A6433D7859A1",
      "checksums": [
        {
          "algorithm": "SHA256",
          "checksumValue": "a87131890608b6fda21c2a9d46ccbffaeba8e57a2144dc217c84055ecb4f0b60"
        },
        {
          "algorithm": "SHA1",
          "checksumValue": "852e98f6983f6cc25906a32f9093a6433d7859a1"
        }
      ],
      "licenseConcluded": "NOASSERTION",
      "licenseInfoInFiles": [
        "NOASSERTION"
      ],
      "copyrightText": "NOASSERTION"
    },
    {
      "fileName": "./ssh-sk-helper.exe",
      "SPDXID": "SPDXRef-File--ssh-sk-helper.exe-C2E664C8AD0159E1E773ADDB27F8B8E352E13252",
      "checksums": [
        {
          "algorithm": "SHA256",
          "checksumValue": "0317ce7b2cc4ba5dbe30f61a5b45a59aa18290fc6a890cbc8b503fcf1a39e7a8"
        },
        {
          "algorithm": "SHA1",
          "checksumValue": "c2e664c8ad0159e1e773addb27f8b8e352e13252"
        }
      ],
      "licenseConcluded": "NOASSERTION",
      "licenseInfoInFiles": [
        "NOASSERTION"
      ],
      "copyrightText": "NOASSERTION"
    },
    {
      "fileName": "./LICENSE.txt",
      "SPDXID": "SPDXRef-File--LICENSE.txt-A7739A32F1926D71A9EB22D101287ECEA09A6AC5",
      "checksums": [
        {
          "algorithm": "SHA256",
          "checksumValue": "e6a25da96c2fccdc025caad56d99f87851ec3fe814a3cea83f2bc77ffc800681"
        },
        {
          "algorithm": "SHA1",
          "checksumValue": "a7739a32f1926d71a9eb22d101287ecea09a6ac5"
        }
      ],
      "licenseConcluded": "NOASSERTION",
      "licenseInfoInFiles": [
        "NOASSERTION"
      ],
      "copyrightText": "NOASSERTION"
    },
    {
      "fileName": "./sftp.exe",
      "SPDXID": "SPDXRef-File--sftp.exe-4645176010ACB50B1EB0718FD56BCB74D7E5925A",
      "checksums": [
        {
          "algorithm": "SHA256",
          "checksumValue": "83fc0d39cfd285e3ee3def042b589c308f2e1693341e5ca9467d5e1f1339ebb0"
        },
        {
          "algorithm": "SHA1",
          "checksumValue": "4645176010acb50b1eb0718fd56bcb74d7e5925a"
        }
      ],
      "licenseConcluded": "NOASSERTION",
      "licenseInfoInFiles": [
        "NOASSERTION"
      ],
      "copyrightText": "NOASSERTION"
    },
    {
      "fileName": "./ssh.exe",
      "SPDXID": "SPDXRef-File--ssh.exe-BEEEFB9FD6FEC55A310E219B90F2EA2338EAB830",
      "checksums": [
        {
          "algorithm": "SHA256",
          "checksumValue": "821492cc7b7c2c92d061f1dfe3a620b60b86da9164e5c451dd1489b5674fa4aa"
        },
        {
          "algorithm": "SHA1",
          "checksumValue": "beeefb9fd6fec55a310e219b90f2ea2338eab830"
        }
      ],
      "licenseConcluded": "NOASSERTION",
      "licenseInfoInFiles": [
        "NOASSERTION"
      ],
      "copyrightText": "NOASSERTION"
    },
    {
      "fileName": "./openssh-events.man",
      "SPDXID": "SPDXRef-File--openssh-events.man-39F0E1C5FDF3F456EEAF9F1A5696A7CA64617F86",
      "checksums": [
        {
          "algorithm": "SHA256",
          "checksumValue": "c36019e53e3045cba2639bf35ed1e2498e3563b272533e53301165c31ab60199"
        },
        {
          "algorithm": "SHA1",
          "checksumValue": "39f0e1c5fdf3f456eeaf9f1a5696a7ca64617f86"
        }
      ],
      "licenseConcluded": "NOASSERTION",
      "licenseInfoInFiles": [
        "NOASSERTION"
      ],
      "copyrightText": "NOASSERTION"
    },
    {
      "fileName": "./ssh-keygen.exe",
      "SPDXID": "SPDXRef-File--ssh-keygen.exe-6CD93DED6C85E701DE34B7F0FB79139CFB7142CB",
      "checksums": [
        {
          "algorithm": "SHA256",
          "checksumValue": "f6909c8a790fac0df4b5babcef3144c689aaeb5939a46ed227e2d5832e5f3cb2"
        },
        {
          "algorithm": "SHA1",
          "checksumValue": "6cd93ded6c85e701de34b7f0fb79139cfb7142cb"
        }
      ],
      "licenseConcluded": "NOASSERTION",
      "licenseInfoInFiles": [
        "NOASSERTION"
      ],
      "copyrightText": "NOASSERTION"
    },
    {
      "fileName": "./moduli",
      "SPDXID": "SPDXRef-File--moduli-4C7A68477C9B679EB0208BE182C9E8C02FA8DE7D",
      "checksums": [
        {
          "algorithm": "SHA256",
          "checksumValue": "df3b04c4b63ee4e4d2b99eb6d5756b73604773b6c8dcb4ee75ba669e2952ad4c"
        },
        {
          "algorithm": "SHA1",
          "checksumValue": "4c7a68477c9b679eb0208be182c9e8c02fa8de7d"
        }
      ],
      "licenseConcluded": "NOASSERTION",
      "licenseInfoInFiles": [
        "NOASSERTION"
      ],
      "copyrightText": "NOASSERTION"
    },
    {
      "fileName": "./ssh-add.exe",
      "SPDXID": "SPDXRef-File--ssh-add.exe-054B26847973DB44821100D40B0C472EE53C81E9",
      "checksums": [
        {
          "algorithm": "SHA256",
          "checksumValue": "08ae273eabc35a43258bba869b7633a1a5e7be3539be1f19e6891a67080fe892"
        },
        {
          "algorithm": "SHA1",
          "checksumValue": "054b26847973db44821100d40b0c472ee53c81e9"
        }
      ],
      "licenseConcluded": "NOASSERTION",
      "licenseInfoInFiles": [
        "NOASSERTION"
      ],
      "copyrightText": "NOASSERTION"
    },
    {
      "fileName": "./sshd.exe",
      "SPDXID": "SPDXRef-File--sshd.exe-DD140CB796CAC199F77C8D525F09D8B4151241B7",
      "checksums": [
        {
          "algorithm": "SHA256",
          "checksumValue": "5fd57f13fc8ae9c064172de64dc40d20fd1c1263abab81877fd83190fdf277a8"
        },
        {
          "algorithm": "SHA1",
          "checksumValue": "dd140cb796cac199f77c8d525f09d8b4151241b7"
        }
      ],
      "licenseConcluded": "NOASSERTION",
      "licenseInfoInFiles": [
        "NOASSERTION"
      ],
      "copyrightText": "NOASSERTION"
    },
    {
      "fileName": "./NOTICE.txt",
      "SPDXID": "SPDXRef-File--NOTICE.txt-0C6BEDA8BE1A704C0C2615D4A481BACA0E56372D",
      "checksums": [
        {
          "algorithm": "SHA256",
          "checksumValue": "2cd5f5d0064bc909dfe0f0fc8f4787882c7c379f2730d89e5faa0c2bc57c620b"
        },
        {
          "algorithm": "SHA1",
          "checksumValue": "0c6beda8be1a704c0c2615d4a481baca0e56372d"
        }
      ],
      "licenseConcluded": "NOASSERTION",
      "licenseInfoInFiles": [
        "NOASSERTION"
      ],
      "copyrightText": "NOASSERTION"
    },
    {
      "fileName": "./uninstall-sshd.ps1",
      "SPDXID": "SPDXRef-File--uninstall-sshd.ps1-09F6825AACB16846FA609DFACF2A66DB8E636701",
      "checksums": [
        {
          "algorithm": "SHA256",
          "checksumValue": "a4b190fd27661c3ce4ea4ce54b92688e73ff175a0e681b0c23a551e7a24bb0b1"
        },
        {
          "algorithm": "SHA1",
          "checksumValue": "09f6825aacb16846fa609dfacf2a66db8e636701"
        }
      ],
      "licenseConcluded": "NOASSERTION",
      "licenseInfoInFiles": [
        "NOASSERTION"
      ],
      "copyrightText": "NOASSERTION"
    },
    {
      "fileName": "./ssh-agent.exe",
      "SPDXID": "SPDXRef-File--ssh-agent.exe-5039AD38E224402AB6F9D56AA6113E88404A00E5",
      "checksums": [
        {
          "algorithm": "SHA256",
          "checksumValue": "2a8e1b30b25891623883a71314bf38f529299f5a8996efb237d653de3f0cad64"
        },
        {
          "algorithm": "SHA1",
          "checksumValue": "5039ad38e224402ab6f9d56aa6113e88404a00e5"
        }
      ],
      "licenseConcluded": "NOASSERTION",
      "licenseInfoInFiles": [
        "NOASSERTION"
      ],
      "copyrightText": "NOASSERTION"
    },
    {
      "fileName": "./sshd_config_default",
      "SPDXID": "SPDXRef-File--sshd-config-default-825CDEC4CF05869C74B01E7A1C8BF3C5E2C45CD8",
      "checksums": [
        {
          "algorithm": "SHA256",
          "checksumValue": "99f373a06dfa706f0a8a98d655c776850305b4b1ea3bf9a33fa926897bb15649"
        },
        {
          "algorithm": "SHA1",
          "checksumValue": "825cdec4cf05869c74b01e7a1c8bf3c5e2c45cd8"
        }
      ],
      "licenseConcluded": "NOASSERTION",
      "licenseInfoInFiles": [
        "NOASSERTION"
      ],
      "copyrightText": "NOASSERTION"
    }
  ],
  "packages": [
    {
      "name": "powershell_libressl",
      "SPDXID": "SPDXRef-Package-577D7580CF881B7AA98D5B37C0CAF4D38AD0E90F05E7FA398BE8C18DEDF4E853",
      "downloadLocation": "https://github.com/PowerShell/LibreSSL/releases/tag/V3.7.2.0.zip",
      "filesAnalyzed": false,
      "licenseConcluded": "NOASSERTION",
      "licenseInfoFromFiles": [
        "NOASSERTION"
      ],
      "licenseDeclared": "NOASSERTION",
      "copyrightText": "NOASSERTION",
      "versionInfo": "3.7.2.0",
      "supplier": "NOASSERTION"
    },
    {
      "name": "powershell_libcbor",
      "SPDXID": "SPDXRef-Package-0633FC36A057DF0C87EED52E5DEDF9B329FB7D81AAA4F276018A43EA45B452BD",
      "downloadLocation": "https://github.com/PowerShell/libcbor",
      "filesAnalyzed": false,
      "licenseConcluded": "NOASSERTION",
      "licenseInfoFromFiles": [
        "NOASSERTION"
      ],
      "licenseDeclared": "NOASSERTION",
      "copyrightText": "NOASSERTION",
      "versionInfo": "0.10.1",
      "supplier": "NOASSERTION"
    },
    {
      "name": "libcbor",
      "SPDXID": "SPDXRef-Package-E17DDC71403E9F2B1007C3A60AE26F724C7E742A1D6D5FBE9816B0532D7F73B9",
      "downloadLocation": "https://github.com/PJK/libcbor",
      "filesAnalyzed": false,
      "licenseConcluded": "NOASSERTION",
      "licenseInfoFromFiles": [
        "NOASSERTION"
      ],
      "licenseDeclared": "NOASSERTION",
      "copyrightText": "NOASSERTION",
      "versionInfo": "0.10.1",
      "supplier": "NOASSERTION"
    },
    {
      "name": "powershell_zlib",
      "SPDXID": "SPDXRef-Package-19B4BB6515DFF8C58B23AA8A19F56B1ED91ECE605C6E2AF619473C4E4273B86F",
      "downloadLocation": "https://github.com/PowerShell/ZLib/releases/tag/V1.2.13.zip",
      "filesAnalyzed": false,
      "licenseConcluded": "NOASSERTION",
      "licenseInfoFromFiles": [
        "NOASSERTION"
      ],
      "licenseDeclared": "NOASSERTION",
      "copyrightText": "NOASSERTION",
      "versionInfo": "1.2.13",
      "supplier": "NOASSERTION"
    },
    {
      "name": "libressl",
      "SPDXID": "SPDXRef-Package-D99FD5198E77054A28846E4E999C4FCAEC8B86428588D6C3F297E337BFAAAC40",
      "downloadLocation": "https://www.libressl.org/",
      "filesAnalyzed": false,
      "licenseConcluded": "NOASSERTION",
      "licenseInfoFromFiles": [
        "NOASSERTION"
      ],
      "licenseDeclared": "NOASSERTION",
      "copyrightText": "NOASSERTION",
      "versionInfo": "3.7.2.0",
      "supplier": "NOASSERTION"
    },
    {
      "name": "zlib",
      "SPDXID": "SPDXRef-Package-A9EB5C4218FA0D266FC5C664B8CAF9359754084A15E5398DE2212E4FC43EBF88",
      "downloadLocation": "http://zlib.net/",
      "filesAnalyzed": false,
      "licenseConcluded": "NOASSERTION",
      "licenseInfoFromFiles": [
        "NOASSERTION"
      ],
      "licenseDeclared": "NOASSERTION",
      "copyrightText": "NOASSERTION",
      "versionInfo": "1.2.13",
      "supplier": "NOASSERTION"
    },
    {
      "name": "libfido2",
      "SPDXID": "SPDXRef-Package-F63F25FDE81D1022980E34CC310C72D38C9CBC90844731304A8FB98D9E0990E1",
      "downloadLocation": "https://github.com/Yubico/libfido2",
      "filesAnalyzed": false,
      "licenseConcluded": "NOASSERTION",
      "licenseInfoFromFiles": [
        "NOASSERTION"
      ],
      "licenseDeclared": "NOASSERTION",
      "copyrightText": "NOASSERTION",
      "versionInfo": "1.13.0",
      "supplier": "NOASSERTION"
    },
    {
      "name": "Microsoft.Telemetry.Inbox.Native",
      "SPDXID": "SPDXRef-Package-0E13AAD00D3394DF297FCA773EC1B0EDEF66F936E6C99311CBC4763108E2033B",
      "downloadLocation": "NOASSERTION",
      "filesAnalyzed": false,
      "licenseConcluded": "NOASSERTION",
      "licenseInfoFromFiles": [
        "NOASSERTION"
      ],
      "licenseDeclared": "NOASSERTION",
      "copyrightText": "NOASSERTION",
      "versionInfo": "10.0.18362.1-190318-1202.19h1-release.amd64fre",
      "externalRefs": [
        {
          "referenceCategory": "PACKAGE-MANAGER",
          "referenceType": "purl",
          "referenceLocator": "pkg:nuget/Microsoft.Telemetry.Inbox.Native@10.0.18362.1-190318-1202.19h1-release.amd64fre"
        }
      ],
      "supplier": "NOASSERTION"
    },
    {
      "name": "powershell_libfido2",
      "SPDXID": "SPDXRef-Package-F9A6ED6B8745E751FA3E761A1089EA8B0BE70D1EEF9D3460589B3BD062C5E186",
      "downloadLocation": "https://github.com/PowerShell/libfido2/archive/refs/tags/1.13.0.zip",
      "filesAnalyzed": false,
      "licenseConcluded": "NOASSERTION",
      "licenseInfoFromFiles": [
        "NOASSERTION"
      ],
      "licenseDeclared": "NOASSERTION",
      "copyrightText": "NOASSERTION",
      "versionInfo": "1.13.0",
      "supplier": "NOASSERTION"
    },
    {
      "name": "OpenSSH",
      "SPDXID": "SPDXRef-RootPackage",
      "downloadLocation": "NOASSERTION",
      "packageVerificationCode": {
        "packageVerificationCodeValue": "2579d3306e144931ee580ddbab3c68beb0b9b63e"
      },
      "filesAnalyzed": true,
      "licenseConcluded": "NOASSERTION",
      "licenseInfoFromFiles": [
        "NOASSERTION"
      ],
      "licenseDeclared": "NOASSERTION",
      "copyrightText": "NOASSERTION",
      "versionInfo": "v9.2.2.0",
      "supplier": "Organization: Microsoft",
      "hasFiles": [
        "SPDXRef-File--sshd-config-default-825CDEC4CF05869C74B01E7A1C8BF3C5E2C45CD8",
        "SPDXRef-File--ssh-agent.exe-5039AD38E224402AB6F9D56AA6113E88404A00E5",
        "SPDXRef-File--uninstall-sshd.ps1-09F6825AACB16846FA609DFACF2A66DB8E636701",
        "SPDXRef-File--NOTICE.txt-0C6BEDA8BE1A704C0C2615D4A481BACA0E56372D",
        "SPDXRef-File--sshd.exe-DD140CB796CAC199F77C8D525F09D8B4151241B7",
        "SPDXRef-File--ssh-add.exe-054B26847973DB44821100D40B0C472EE53C81E9",
        "SPDXRef-File--moduli-4C7A68477C9B679EB0208BE182C9E8C02FA8DE7D",
        "SPDXRef-File--ssh-keygen.exe-6CD93DED6C85E701DE34B7F0FB79139CFB7142CB",
        "SPDXRef-File--openssh-events.man-39F0E1C5FDF3F456EEAF9F1A5696A7CA64617F86",
        "SPDXRef-File--ssh.exe-BEEEFB9FD6FEC55A310E219B90F2EA2338EAB830",
        "SPDXRef-File--sftp.exe-4645176010ACB50B1EB0718FD56BCB74D7E5925A",
        "SPDXRef-File--LICENSE.txt-A7739A32F1926D71A9EB22D101287ECEA09A6AC5",
        "SPDXRef-File--ssh-sk-helper.exe-C2E664C8AD0159E1E773ADDB27F8B8E352E13252",
        "SPDXRef-File--sftp-server.exe-852E98F6983F6CC25906A32F9093A6433D7859A1",
        "SPDXRef-File--libcrypto.dll-A9CAB8D081CF872F7960934A1F19122202A3FD41",
        "SPDXRef-File--ssh-shellhost.exe-8125B583865C0AB5F2AA41A5F7E71368E1177257",
        "SPDXRef-File--scp.exe-32E0F7C294750D78072E17BA69E295BD09318500",
        "SPDXRef-File--install-sshd.ps1-17F2BA8DC7BFB17242736D2C29BB6508FADC493C",
        "SPDXRef-File--ssh-pkcs11-helper.exe-DB00A869787936BFF09DB05CFFA5D373E56BFB2A",
        "SPDXRef-File--OpenSSHUtils.psm1-69F8CC76793FD8AD04F6CFBEC8E65C934CF021B5",
        "SPDXRef-File--FixUserFilePermissions.ps1-07CB53383AEA8E89B65FD60F32A35E2E946B24FC",
        "SPDXRef-File--ssh-keyscan.exe-2E92058F8D281DFB7B02E30FE8A9F4F946CC8BF9",
        "SPDXRef-File--OpenSSHUtils.psd1-11D1DBC14C3F3A168E66C0DD0A73E515A7C8F0A2",
        "SPDXRef-File--FixHostFilePermissions.ps1-757F74944D08D6C4C473FCCD0ABD65048CAFA6EA"
      ]
    }
  ],
  "externalDocumentRefs": [
    {
      "externalDocumentId": "DocumentRef-ZLib-1.2.13-25599f97cedc67d207728f4a17d7964c1c334c17",
      "spdxDocument": "https://sbom.microsoft/1:2QSF7qZlbE-F7QrUJlEo7g:Ifmy0CRpKEe0S33n1Rdb-w/1748:309440/ZLib:1.2.13:f1B2BykuZEuu2dD2Z6ZtzA",
      "checksum": {
        "algorithm": "SHA1",
        "checksumValue": "25599f97cedc67d207728f4a17d7964c1c334c17"
      }
    },
    {
      "externalDocumentId": "DocumentRef-LibreSSL-3.7.2-c436ee80fdb5b090f617cdd6ce736561a9c4db98",
      "spdxDocument": "https://sbom.microsoft/1:2QSF7qZlbE-F7QrUJlEo7g:Ifmy0CRpKEe0S33n1Rdb-w/1750:357000/LibreSSL:3.7.2:CvRDHk6EGEOsoQ7bVxW9zQ",
      "checksum": {
        "algorithm": "SHA1",
        "checksumValue": "c436ee80fdb5b090f617cdd6ce736561a9c4db98"
      }
    },
    {
      "externalDocumentId": "DocumentRef-libfido2-1.9.0-fafb024111b424ede04e78a28edfce894549c7f5",
      "spdxDocument": "https://sbom.microsoft/1:2QSF7qZlbE-F7QrUJlEo7g:Ifmy0CRpKEe0S33n1Rdb-w/1853:357059/libfido2:1.9.0:ov_hZKWN50-6IzLEiVuweg",
      "checksum": {
        "algorithm": "SHA1",
        "checksumValue": "fafb024111b424ede04e78a28edfce894549c7f5"
      }
    }
  ],
  "relationships": [
    {
      "relationshipType": "DESCRIBES",
      "relatedSpdxElement": "SPDXRef-RootPackage",
      "spdxElementId": "SPDXRef-DOCUMENT"
    },
    {
      "relationshipType": "DESCRIBED_BY",
      "relatedSpdxElement": "SPDXRef-DOCUMENT",
      "spdxElementId": "SPDXRef-File--..-..-s-OSS-Microsoft-OpenSSH-Dev-contrib-win32-openssh-libfido2--manifest-spdx-2.2-manifest.spdx.json-FAFB024111B424EDE04E78A28EDFCE894549C7F5"
    },
    {
      "relationshipType": "DESCRIBED_BY",
      "relatedSpdxElement": "SPDXRef-DOCUMENT",
      "spdxElementId": "SPDXRef-File--..-..-s-OSS-Microsoft-OpenSSH-Dev-contrib-win32-openssh-LibreSSL--manifest-spdx-2.2-manifest.spdx.json-C436EE80FDB5B090F617CDD6CE736561A9C4DB98"
    },
    {
      "relationshipType": "DESCRIBED_BY",
      "relatedSpdxElement": "SPDXRef-DOCUMENT",
      "spdxElementId": "SPDXRef-File--..-..-s-OSS-Microsoft-OpenSSH-Dev-contrib-win32-openssh-ZLib--manifest-spdx-2.2-manifest.spdx.json-25599F97CEDC67D207728F4A17D7964C1C334C17"
    },
    {
      "relationshipType": "PREREQUISITE_FOR",
      "relatedSpdxElement": "DocumentRef-libfido2-1.9.0-fafb024111b424ede04e78a28edfce894549c7f5:SPDXRef-RootPackage",
      "spdxElementId": "SPDXRef-RootPackage"
    },
    {
      "relationshipType": "PREREQUISITE_FOR",
      "relatedSpdxElement": "DocumentRef-LibreSSL-3.7.2-c436ee80fdb5b090f617cdd6ce736561a9c4db98:SPDXRef-RootPackage",
      "spdxElementId": "SPDXRef-RootPackage"
    },
    {
      "relationshipType": "PREREQUISITE_FOR",
      "relatedSpdxElement": "DocumentRef-ZLib-1.2.13-25599f97cedc67d207728f4a17d7964c1c334c17:SPDXRef-RootPackage",
      "spdxElementId": "SPDXRef-RootPackage"
    },
    {
      "relationshipType": "DEPENDS_ON",
      "relatedSpdxElement": "SPDXRef-Package-F9A6ED6B8745E751FA3E761A1089EA8B0BE70D1EEF9D3460589B3BD062C5E186",
      "spdxElementId": "SPDXRef-RootPackage"
    },
    {
      "relationshipType": "DEPENDS_ON",
      "relatedSpdxElement": "SPDXRef-Package-0E13AAD00D3394DF297FCA773EC1B0EDEF66F936E6C99311CBC4763108E2033B",
      "spdxElementId": "SPDXRef-RootPackage"
    },
    {
      "relationshipType": "DEPENDS_ON",
      "relatedSpdxElement": "SPDXRef-Package-F63F25FDE81D1022980E34CC310C72D38C9CBC90844731304A8FB98D9E0990E1",
      "spdxElementId": "SPDXRef-RootPackage"
    },
    {
      "relationshipType": "DEPENDS_ON",
      "relatedSpdxElement": "SPDXRef-Package-A9EB5C4218FA0D266FC5C664B8CAF9359754084A15E5398DE2212E4FC43EBF88",
      "spdxElementId": "SPDXRef-RootPackage"
    },
    {
      "relationshipType": "DEPENDS_ON",
      "relatedSpdxElement": "SPDXRef-Package-D99FD5198E77054A28846E4E999C4FCAEC8B86428588D6C3F297E337BFAAAC40",
      "spdxElementId": "SPDXRef-RootPackage"
    },
    {
      "relationshipType": "DEPENDS_ON",
      "relatedSpdxElement": "SPDXRef-Package-19B4BB6515DFF8C58B23AA8A19F56B1ED91ECE605C6E2AF619473C4E4273B86F",
      "spdxElementId": "SPDXRef-RootPackage"
    },
    {
      "relationshipType": "DEPENDS_ON",
      "relatedSpdxElement": "SPDXRef-Package-E17DDC71403E9F2B1007C3A60AE26F724C7E742A1D6D5FBE9816B0532D7F73B9",
      "spdxElementId": "SPDXRef-RootPackage"
    },
    {
      "relationshipType": "DEPENDS_ON",
      "relatedSpdxElement": "SPDXRef-Package-0633FC36A057DF0C87EED52E5DEDF9B329FB7D81AAA4F276018A43EA45B452BD",
      "spdxElementId": "SPDXRef-RootPackage"
    },
    {
      "relationshipType": "DEPENDS_ON",
      "relatedSpdxElement": "SPDXRef-Package-577D7580CF881B7AA98D5B37C0CAF4D38AD0E90F05E7FA398BE8C18DEDF4E853",
      "spdxElementId": "SPDXRef-RootPackage"
    }
  ],
  "spdxVersion": "SPDX-2.2",
  "dataLicense": "CC0-1.0",
  "SPDXID": "SPDXRef-DOCUMENT",
  "name": "OpenSSH v9.2.2.0",
  "documentNamespace": "https://sbom.microsoft/1:2QSF7qZlbE-F7QrUJlEo7g:Ifmy0CRpKEe0S33n1Rdb-w/1908:357434/OpenSSH:v9.2.2.0:0YvGVIrc606YRgPcLvq_Ag",
  "creationInfo": {
    "created": "2023-04-12T18:16:04Z",
    "creators": [
      "Organization: Microsoft",
      "Tool: Microsoft.SBOMTool-0.3.3"
    ]
  },
  "documentDescribes": [
    "SPDXRef-RootPackage"
  ]
}