{
  "files": [
    {
      "fileName": "./../../s/OSS_Microsoft_OpenSSH_Dev/contrib/win32/openssh/ZLib/_manifest/spdx_2.2/manifest.spdx.json",
      "SPDXID": "SPDXRef-File--..-..-s-OSS-Microsoft-OpenSSH-Dev-contrib-win32-openssh-ZLib--manifest-spdx-2.2-manifest.spdx.json-954C206CEBFE20C7D8D6413FD131BEBDC36F9039",
      "checksums": [
        {
          "algorithm": "SHA256",
          "checksumValue": "f04a34415479d39b4c5496d2e07a5e0549a591cb98577baf0410639a17142ede"
        },
        {
          "algorithm": "SHA1",
          "checksumValue": "954c206cebfe20c7d8d6413fd131bebdc36f9039"
        }
      ],
      "licenseConcluded": "NOASSERTION",
      "licenseInfoInFiles": [
        "NOASSERTION"
      ],
      "copyrightText": "NOASSERTION",
      "fileTypes": [
        "SPDX"
      ]
    },
    {
      "fileName": "./../../s/OSS_Microsoft_OpenSSH_Dev/contrib/win32/openssh/LibreSSL/_manifest/spdx_2.2/manifest.spdx.json",
      "SPDXID": "SPDXRef-File--..-..-s-OSS-Microsoft-OpenSSH-Dev-contrib-win32-openssh-LibreSSL--manifest-spdx-2.2-manifest.spdx.json-703648163083F513D486D8363F525021A6D08A91",
      "checksums": [
        {
          "algorithm": "SHA256",
          "checksumValue": "a5ba1af446bc49e7079f5a8b4404aae546eebf05b1e772bd9738e2bed6355e3d"
        },
        {
          "algorithm": "SHA1",
          "checksumValue": "703648163083f513d486d8363f525021a6d08a91"
        }
      ],
      "licenseConcluded": "NOASSERTION",
      "licenseInfoInFiles": [
        "NOASSERTION"
      ],
      "copyrightText": "NOASSERTION",
      "fileTypes": [
        "SPDX"
      ]
    },
    {
      "fileName": "./../../s/OSS_Microsoft_OpenSSH_Dev/contrib/win32/openssh/libfido2/_manifest/spdx_2.2/manifest.spdx.json",
      "SPDXID": "SPDXRef-File--..-..-s-OSS-Microsoft-OpenSSH-Dev-contrib-win32-openssh-libfido2--manifest-spdx-2.2-manifest.spdx.json-310BD4FA72CEC9EE54E77223406471F26F78A856",
      "checksums": [
        {
          "algorithm": "SHA256",
          "checksumValue": "e8020ea98f2a9de0787225ae16299a633c102b87bc93cdfeb55166e7dcf2bf51"
        },
        {
          "algorithm": "SHA1",
          "checksumValue": "310bd4fa72cec9ee54e77223406471f26f78a856"
        }
      ],
      "licenseConcluded": "NOASSERTION",
      "licenseInfoInFiles": [
        "NOASSERTION"
      ],
      "copyrightText": "NOASSERTION",
      "fileTypes": [
        "SPDX"
      ]
    },
    {
      "fileName": "./LICENSE.txt",
      "SPDXID": "SPDXRef-File--LICENSE.txt-A7739A32F1926D71A9EB22D101287ECEA09A6AC5",
      "checksums": [
        {
          "algorithm": "SHA256",
          "checksumValue": "e6a25da96c2fccdc025caad56d99f87851ec3fe814a3cea83f2bc77ffc800681"
        },
        {
          "algorithm": "SHA1",
          "checksumValue": "a7739a32f1926d71a9eb22d101287ecea09a6ac5"
        }
      ],
      "licenseConcluded": "NOASSERTION",
      "licenseInfoInFiles": [
        "NOASSERTION"
      ],
      "copyrightText": "NOASSERTION"
    },
    {
      "fileName": "./sftp.exe",
      "SPDXID": "SPDXRef-File--sftp.exe-ADDC7BDB7908AE54A45A9322C514903D9949952B",
      "checksums": [
        {
          "algorithm": "SHA256",
          "checksumValue": "27a0bc595e9cce17b2d7c029c083e1cc7e8bae691404971f237770d618eb39dc"
        },
        {
          "algorithm": "SHA1",
          "checksumValue": "addc7bdb7908ae54a45a9322c514903d9949952b"
        }
      ],
      "licenseConcluded": "NOASSERTION",
      "licenseInfoInFiles": [
        "NOASSERTION"
      ],
      "copyrightText": "NOASSERTION"
    },
    {
      "fileName": "./ssh.exe",
      "SPDXID": "SPDXRef-File--ssh.exe-01C925DBD0C30A5C0DDF4AB06254D8A3E526A874",
      "checksums": [
        {
          "algorithm": "SHA256",
          "checksumValue": "89b8ef5056e0acc456acf731f9d39cb9bff3a5f72e58f53227de7397c0cb9186"
        },
        {
          "algorithm": "SHA1",
          "checksumValue": "01c925dbd0c30a5c0ddf4ab06254d8a3e526a874"
        }
      ],
      "licenseConcluded": "NOASSERTION",
      "licenseInfoInFiles": [
        "NOASSERTION"
      ],
      "copyrightText": "NOASSERTION"
    },
    {
      "fileName": "./NOTICE.txt",
      "SPDXID": "SPDXRef-File--NOTICE.txt-0C6BEDA8BE1A704C0C2615D4A481BACA0E56372D",
      "checksums": [
        {
          "algorithm": "SHA256",
          "checksumValue": "2cd5f5d0064bc909dfe0f0fc8f4787882c7c379f2730d89e5faa0c2bc57c620b"
        },
        {
          "algorithm": "SHA1",
          "checksumValue": "0c6beda8be1a704c0c2615d4a481baca0e56372d"
        }
      ],
      "licenseConcluded": "NOASSERTION",
      "licenseInfoInFiles": [
        "NOASSERTION"
      ],
      "copyrightText": "NOASSERTION"
    },
    {
      "fileName": "./ssh-agent.exe",
      "SPDXID": "SPDXRef-File--ssh-agent.exe-F5EEC84C8C66BE1399198C21CB1F723FA066796C",
      "checksums": [
        {
          "algorithm": "SHA256",
          "checksumValue": "ea47f8f5911884bb3eb9d7bd49ad149419f383e0f6f64f09635ceb8e6993ab78"
        },
        {
          "algorithm": "SHA1",
          "checksumValue": "f5eec84c8c66be1399198c21cb1f723fa066796c"
        }
      ],
      "licenseConcluded": "NOASSERTION",
      "licenseInfoInFiles": [
        "NOASSERTION"
      ],
      "copyrightText": "NOASSERTION"
    },
    {
      "fileName": "./sshd_config_default",
      "SPDXID": "SPDXRef-File--sshd-config-default-825CDEC4CF05869C74B01E7A1C8BF3C5E2C45CD8",
      "checksums": [
        {
          "algorithm": "SHA256",
          "checksumValue": "99f373a06dfa706f0a8a98d655c776850305b4b1ea3bf9a33fa926897bb15649"
        },
        {
          "algorithm": "SHA1",
          "checksumValue": "825cdec4cf05869c74b01e7a1c8bf3c5e2c45cd8"
        }
      ],
      "licenseConcluded": "NOASSERTION",
      "licenseInfoInFiles": [
        "NOASSERTION"
      ],
      "copyrightText": "NOASSERTION"
    },
    {
      "fileName": "./FixHostFilePermissions.ps1",
      "SPDXID": "SPDXRef-File--FixHostFilePermissions.ps1-A7E952FF88CEA8839BA642F2CD572A3E70D807B8",
      "checksums": [
        {
          "algorithm": "SHA256",
          "checksumValue": "83b225746544d87d6fc0aab1a8c125ad24a5f6d852e26416d95e27f0087797b7"
        },
        {
          "algorithm": "SHA1",
          "checksumValue": "a7e952ff88cea8839ba642f2cd572a3e70d807b8"
        }
      ],
      "licenseConcluded": "NOASSERTION",
      "licenseInfoInFiles": [
        "NOASSERTION"
      ],
      "copyrightText": "NOASSERTION"
    },
    {
      "fileName": "./OpenSSHUtils.psd1",
      "SPDXID": "SPDXRef-File--OpenSSHUtils.psd1-AC10375C2C0BD724881FEFC09824D28D1C27B30F",
      "checksums": [
        {
          "algorithm": "SHA256",
          "checksumValue": "3e16ecebdbe7ae43950d182bff0b5ba54404d24882c06a714685074df82c01ea"
        },
        {
          "algorithm": "SHA1",
          "checksumValue": "ac10375c2c0bd724881fefc09824d28d1c27b30f"
        }
      ],
      "licenseConcluded": "NOASSERTION",
      "licenseInfoInFiles": [
        "NOASSERTION"
      ],
      "copyrightText": "NOASSERTION"
    },
    {
      "fileName": "./ssh-keyscan.exe",
      "SPDXID": "SPDXRef-File--ssh-keyscan.exe-4E3DAB6EEAEF80883DC3065BD29D28A5E31CB814",
      "checksums": [
        {
          "algorithm": "SHA256",
          "checksumValue": "a8cffd1375887bc7e4707c0d93727ae4e32b83581f781efa5bc14707bc86bff6"
        },
        {
          "algorithm": "SHA1",
          "checksumValue": "4e3dab6eeaef80883dc3065bd29d28a5e31cb814"
        }
      ],
      "licenseConcluded": "NOASSERTION",
      "licenseInfoInFiles": [
        "NOASSERTION"
      ],
      "copyrightText": "NOASSERTION"
    },
    {
      "fileName": "./install-sshd.ps1",
      "SPDXID": "SPDXRef-File--install-sshd.ps1-E8DE36654624444AD4E7EDA339782857928F8387",
      "checksums": [
        {
          "algorithm": "SHA256",
          "checksumValue": "f42b0cf6c325c4e223dfcbb45f8264479766708df5dbe177ee6515c9db48fa50"
        },
        {
          "algorithm": "SHA1",
          "checksumValue": "e8de36654624444ad4e7eda339782857928f8387"
        }
      ],
      "licenseConcluded": "NOASSERTION",
      "licenseInfoInFiles": [
        "NOASSERTION"
      ],
      "copyrightText": "NOASSERTION"
    },
    {
      "fileName": "./scp.exe",
      "SPDXID": "SPDXRef-File--scp.exe-2ABEFD9433D259F04ED6B9CA7581A3DD89357B1D",
      "checksums": [
        {
          "algorithm": "SHA256",
          "checksumValue": "28285f1875881ac16a4f9dfc4d108a55964afb8b4b76373a4b81eb5c900271a2"
        },
        {
          "algorithm": "SHA1",
          "checksumValue": "2abefd9433d259f04ed6b9ca7581a3dd89357b1d"
        }
      ],
      "licenseConcluded": "NOASSERTION",
      "licenseInfoInFiles": [
        "NOASSERTION"
      ],
      "copyrightText": "NOASSERTION"
    },
    {
      "fileName": "./libcrypto.dll",
      "SPDXID": "SPDXRef-File--libcrypto.dll-B49E5AB4382B2DFD49010AD9BA946552E405F78A",
      "checksums": [
        {
          "algorithm": "SHA256",
          "checksumValue": "f1e114f6573afa061733187325919e63f5c518ff843b9a97cf465a2d7d18082f"
        },
        {
          "algorithm": "SHA1",
          "checksumValue": "b49e5ab4382b2dfd49010ad9ba946552e405f78a"
        }
      ],
      "licenseConcluded": "NOASSERTION",
      "licenseInfoInFiles": [
        "NOASSERTION"
      ],
      "copyrightText": "NOASSERTION"
    },
    {
      "fileName": "./sftp-server.exe",
      "SPDXID": "SPDXRef-File--sftp-server.exe-320AB659ED2D9D37B810FE1FB06E24D339088683",
      "checksums": [
        {
          "algorithm": "SHA256",
          "checksumValue": "a17d67e05a03092bd81670dab5beca991603fe741c28a7fe83830f4b4bfc3a90"
        },
        {
          "algorithm": "SHA1",
          "checksumValue": "320ab659ed2d9d37b810fe1fb06e24d339088683"
        }
      ],
      "licenseConcluded": "NOASSERTION",
      "licenseInfoInFiles": [
        "NOASSERTION"
      ],
      "copyrightText": "NOASSERTION"
    },
    {
      "fileName": "./ssh-sk-helper.exe",
      "SPDXID": "SPDXRef-File--ssh-sk-helper.exe-2955D7AA1923AD27FAA6070A1D54CD1E9438C47F",
      "checksums": [
        {
          "algorithm": "SHA256",
          "checksumValue": "e17f5add2bb555e2405ee940347d2280189ad3379d6eba38d707af1a10a1b4dc"
        },
        {
          "algorithm": "SHA1",
          "checksumValue": "2955d7aa1923ad27faa6070a1d54cd1e9438c47f"
        }
      ],
      "licenseConcluded": "NOASSERTION",
      "licenseInfoInFiles": [
        "NOASSERTION"
      ],
      "copyrightText": "NOASSERTION"
    },
    {
      "fileName": "./moduli",
      "SPDXID": "SPDXRef-File--moduli-07BBADDD000D6BFC1F3C30A314A5208A5F8B3AEF",
      "checksums": [
        {
          "algorithm": "SHA256",
          "checksumValue": "cc12aebe3fb41a092e53cf41dd05029e5b93f336d67b5f941a6132e5440fdcc8"
        },
        {
          "algorithm": "SHA1",
          "checksumValue": "07bbaddd000d6bfc1f3c30a314a5208a5f8b3aef"
        }
      ],
      "licenseConcluded": "NOASSERTION",
      "licenseInfoInFiles": [
        "NOASSERTION"
      ],
      "copyrightText": "NOASSERTION"
    },
    {
      "fileName": "./openssh-events.man",
      "SPDXID": "SPDXRef-File--openssh-events.man-39F0E1C5FDF3F456EEAF9F1A5696A7CA64617F86",
      "checksums": [
        {
          "algorithm": "SHA256",
          "checksumValue": "c36019e53e3045cba2639bf35ed1e2498e3563b272533e53301165c31ab60199"
        },
        {
          "algorithm": "SHA1",
          "checksumValue": "39f0e1c5fdf3f456eeaf9f1a5696a7ca64617f86"
        }
      ],
      "licenseConcluded": "NOASSERTION",
      "licenseInfoInFiles": [
        "NOASSERTION"
      ],
      "copyrightText": "NOASSERTION"
    },
    {
      "fileName": "./FixUserFilePermissions.ps1",
      "SPDXID": "SPDXRef-File--FixUserFilePermissions.ps1-53CE66E203E485926A48895D40E51008687BC60D",
      "checksums": [
        {
          "algorithm": "SHA256",
          "checksumValue": "7dbe64da3cacee5ac84e62e794952aa4fdd62469da6a08e364d077889fa9e9da"
        },
        {
          "algorithm": "SHA1",
          "checksumValue": "53ce66e203e485926a48895d40e51008687bc60d"
        }
      ],
      "licenseConcluded": "NOASSERTION",
      "licenseInfoInFiles": [
        "NOASSERTION"
      ],
      "copyrightText": "NOASSERTION"
    },
    {
      "fileName": "./ssh-add.exe",
      "SPDXID": "SPDXRef-File--ssh-add.exe-7C5744999DD87FE3CF1979BE7C784AD16D667DEB",
      "checksums": [
        {
          "algorithm": "SHA256",
          "checksumValue": "c131341b6c02b900a74d86c6c7d15c4e6d412f231759203e0078889ee878e280"
        },
        {
          "algorithm": "SHA1",
          "checksumValue": "7c5744999dd87fe3cf1979be7c784ad16d667deb"
        }
      ],
      "licenseConcluded": "NOASSERTION",
      "licenseInfoInFiles": [
        "NOASSERTION"
      ],
      "copyrightText": "NOASSERTION"
    },
    {
      "fileName": "./ssh-shellhost.exe",
      "SPDXID": "SPDXRef-File--ssh-shellhost.exe-1559BDF310EFC181A3CC82DF950E1C6A3CB69230",
      "checksums": [
        {
          "algorithm": "SHA256",
          "checksumValue": "7667d9e582f630a097bee6f92802936d67683db7eda2446ecab071c8b609e5c1"
        },
        {
          "algorithm": "SHA1",
          "checksumValue": "1559bdf310efc181a3cc82df950e1c6a3cb69230"
        }
      ],
      "licenseConcluded": "NOASSERTION",
      "licenseInfoInFiles": [
        "NOASSERTION"
      ],
      "copyrightText": "NOASSERTION"
    },
    {
      "fileName": "./OpenSSHUtils.psm1",
      "SPDXID": "SPDXRef-File--OpenSSHUtils.psm1-CFC2DA40959A3307174496996F1EEB04D79F63D1",
      "checksums": [
        {
          "algorithm": "SHA256",
          "checksumValue": "2a6a6a199a6f0b666d1e55fdfd2eed48dd0dd271e3fda529027905e9c530e236"
        },
        {
          "algorithm": "SHA1",
          "checksumValue": "cfc2da40959a3307174496996f1eeb04d79f63d1"
        }
      ],
      "licenseConcluded": "NOASSERTION",
      "licenseInfoInFiles": [
        "NOASSERTION"
      ],
      "copyrightText": "NOASSERTION"
    },
    {
      "fileName": "./ssh-keygen.exe",
      "SPDXID": "SPDXRef-File--ssh-keygen.exe-6EAC2BA544A9FB3C3A3917884B0FB9EC7BB2311B",
      "checksums": [
        {
          "algorithm": "SHA256",
          "checksumValue": "50589ef51ed77875d1d42818e80475dfb6fa369b442255cb5ef0319c83a7696e"
        },
        {
          "algorithm": "SHA1",
          "checksumValue": "6eac2ba544a9fb3c3a3917884b0fb9ec7bb2311b"
        }
      ],
      "licenseConcluded": "NOASSERTION",
      "licenseInfoInFiles": [
        "NOASSERTION"
      ],
      "copyrightText": "NOASSERTION"
    },
    {
      "fileName": "./uninstall-sshd.ps1",
      "SPDXID": "SPDXRef-File--uninstall-sshd.ps1-E3C1CCD012FCD3EE6B2ADE1ABA29D486574E38CB",
      "checksums": [
        {
          "algorithm": "SHA256",
          "checksumValue": "7e79f10c201746ac3e7fd28d79082a86167bbdd2642a01eddab99dcabd8a01d9"
        },
        {
          "algorithm": "SHA1",
          "checksumValue": "e3c1ccd012fcd3ee6b2ade1aba29d486574e38cb"
        }
      ],
      "licenseConcluded": "NOASSERTION",
      "licenseInfoInFiles": [
        "NOASSERTION"
      ],
      "copyrightText": "NOASSERTION"
    },
    {
      "fileName": "./sshd.exe",
      "SPDXID": "SPDXRef-File--sshd.exe-8CD8025117E2967019C3AFE8C16FA07C1079C5BA",
      "checksums": [
        {
          "algorithm": "SHA256",
          "checksumValue": "92215cfe5e4c2f6d6aed91807babd38f197d053c1bf49c7d05af5a3292afb34c"
        },
        {
          "algorithm": "SHA1",
          "checksumValue": "8cd8025117e2967019c3afe8c16fa07c1079c5ba"
        }
      ],
      "licenseConcluded": "NOASSERTION",
      "licenseInfoInFiles": [
        "NOASSERTION"
      ],
      "copyrightText": "NOASSERTION"
    },
    {
      "fileName": "./ssh-pkcs11-helper.exe",
      "SPDXID": "SPDXRef-File--ssh-pkcs11-helper.exe-85B98AC6490BF5A3FE8D67F86062F96B0EC7074A",
      "checksums": [
        {
          "algorithm": "SHA256",
          "checksumValue": "6576fe62f5bdc646cfeba2e2f047b085e6218fb70075ef88b72e295ae7290a2d"
        },
        {
          "algorithm": "SHA1",
          "checksumValue": "85b98ac6490bf5a3fe8d67f86062f96b0ec7074a"
        }
      ],
      "licenseConcluded": "NOASSERTION",
      "licenseInfoInFiles": [
        "NOASSERTION"
      ],
      "copyrightText": "NOASSERTION"
    }
  ],
  "packages": [
    {
      "name": "powershell_libressl",
      "SPDXID": "SPDXRef-Package-66BF7592AFBC2CD50D9FC5F18ABAFA76ABBBF9C3F2847C95D1F99D150B3CE46D",
      "downloadLocation": "https://github.com/PowerShell/LibreSSL/releases/tag/V3.8.2.0.zip",
      "filesAnalyzed": false,
      "licenseConcluded": "NOASSERTION",
      "licenseDeclared": "NOASSERTION",
      "copyrightText": "NOASSERTION",
      "versionInfo": "3.8.2.0",
      "supplier": "NOASSERTION"
    },
    {
      "name": "libressl",
      "SPDXID": "SPDXRef-Package-CABBB102315F68264C755296D76A974F23AAD1EFA8EF89711C4E89929131792F",
      "downloadLocation": "https://www.libressl.org/",
      "filesAnalyzed": false,
      "licenseConcluded": "NOASSERTION",
      "licenseDeclared": "NOASSERTION",
      "copyrightText": "NOASSERTION",
      "versionInfo": "3.8.2.0",
      "supplier": "NOASSERTION"
    },
    {
      "name": "powershell_zlib",
      "SPDXID": "SPDXRef-Package-8E19BEDF1EF380B338DB20F1048FF763D0578C185910D40C62204AFA51D29532",
      "downloadLocation": "https://github.com/PowerShell/ZLib/releases/tag/V1.3.zip",
      "filesAnalyzed": false,
      "licenseConcluded": "NOASSERTION",
      "licenseDeclared": "NOASSERTION",
      "copyrightText": "NOASSERTION",
      "versionInfo": "1.3",
      "supplier": "NOASSERTION"
    },
    {
      "name": "powershell_libfido2",
      "SPDXID": "SPDXRef-Package-9E6200C7AEF3072AC50B4F0750F7AC3C0E12DF663CC774902350E2D9FD416A81",
      "downloadLocation": "https://github.com/PowerShell/libfido2/archive/refs/tags/1.14.0.zip",
      "filesAnalyzed": false,
      "licenseConcluded": "NOASSERTION",
      "licenseDeclared": "NOASSERTION",
      "copyrightText": "NOASSERTION",
      "versionInfo": "1.14.0",
      "supplier": "NOASSERTION"
    },
    {
      "name": "libcbor",
      "SPDXID": "SPDXRef-Package-E17DDC71403E9F2B1007C3A60AE26F724C7E742A1D6D5FBE9816B0532D7F73B9",
      "downloadLocation": "https://github.com/PJK/libcbor",
      "filesAnalyzed": false,
      "licenseConcluded": "NOASSERTION",
      "licenseDeclared": "NOASSERTION",
      "copyrightText": "NOASSERTION",
      "versionInfo": "0.10.1",
      "supplier": "NOASSERTION"
    },
    {
      "name": "powershell_libcbor",
      "SPDXID": "SPDXRef-Package-0633FC36A057DF0C87EED52E5DEDF9B329FB7D81AAA4F276018A43EA45B452BD",
      "downloadLocation": "https://github.com/PowerShell/libcbor",
      "filesAnalyzed": false,
      "licenseConcluded": "NOASSERTION",
      "licenseDeclared": "NOASSERTION",
      "copyrightText": "NOASSERTION",
      "versionInfo": "0.10.1",
      "supplier": "NOASSERTION"
    },
    {
      "name": "libfido2",
      "SPDXID": "SPDXRef-Package-EF6CDF9F1FC7596E226D734530809E9E82AD8AF8A15D3F13085AB4E09523033E",
      "downloadLocation": "https://github.com/Yubico/libfido2",
      "filesAnalyzed": false,
      "licenseConcluded": "NOASSERTION",
      "licenseDeclared": "NOASSERTION",
      "copyrightText": "NOASSERTION",
      "versionInfo": "1.14.0",
      "supplier": "NOASSERTION"
    },
    {
      "name": "Microsoft.Telemetry.Inbox.Native",
      "SPDXID": "SPDXRef-Package-0E13AAD00D3394DF297FCA773EC1B0EDEF66F936E6C99311CBC4763108E2033B",
      "downloadLocation": "NOASSERTION",
      "filesAnalyzed": false,
      "licenseConcluded": "NOASSERTION",
      "licenseDeclared": "NOASSERTION",
      "copyrightText": "NOASSERTION",
      "versionInfo": "10.0.18362.1-190318-1202.19h1-release.amd64fre",
      "externalRefs": [
        {
          "referenceCategory": "PACKAGE-MANAGER",
          "referenceType": "purl",
          "referenceLocator": "pkg:nuget/Microsoft.Telemetry.Inbox.Native@10.0.18362.1-190318-1202.19h1-release.amd64fre"
        }
      ],
      "supplier": "NOASSERTION"
    },
    {
      "name": "zlib",
      "SPDXID": "SPDXRef-Package-E1D6D1090EC004EF8E5ACE051FE39067A45BFF860C462BE7D8FC326764DFF027",
      "downloadLocation": "http://zlib.net/",
      "filesAnalyzed": false,
      "licenseConcluded": "NOASSERTION",
      "licenseDeclared": "NOASSERTION",
      "copyrightText": "NOASSERTION",
      "versionInfo": "1.3",
      "supplier": "NOASSERTION"
    },
    {
      "name": "OpenSSH",
      "SPDXID": "SPDXRef-RootPackage",
      "downloadLocation": "NOASSERTION",
      "packageVerificationCode": {
        "packageVerificationCodeValue": "8a972daef80cb837aeca44ffa748e13ac974d6a9"
      },
      "filesAnalyzed": true,
      "licenseConcluded": "NOASSERTION",
      "licenseInfoFromFiles": [
        "NOASSERTION"
      ],
      "licenseDeclared": "NOASSERTION",
      "copyrightText": "NOASSERTION",
      "versionInfo": "v9.5.0.0",
      "externalRefs": [
        {
          "referenceCategory": "PACKAGE-MANAGER",
          "referenceType": "purl",
          "referenceLocator": "pkg:swid/Microsoft/sbom.microsoft/OpenSSH@v9.5.0.0?tag_id=01c71490-32e2-447b-a36d-ca9d6edd9c69"
        }
      ],
      "supplier": "Organization: Microsoft",
      "hasFiles": [
        "SPDXRef-File--sshd.exe-8CD8025117E2967019C3AFE8C16FA07C1079C5BA",
        "SPDXRef-File--ssh-keygen.exe-6EAC2BA544A9FB3C3A3917884B0FB9EC7BB2311B",
        "SPDXRef-File--ssh-shellhost.exe-1559BDF310EFC181A3CC82DF950E1C6A3CB69230",
        "SPDXRef-File--ssh-pkcs11-helper.exe-85B98AC6490BF5A3FE8D67F86062F96B0EC7074A",
        "SPDXRef-File--uninstall-sshd.ps1-E3C1CCD012FCD3EE6B2ADE1ABA29D486574E38CB",
        "SPDXRef-File--OpenSSHUtils.psm1-CFC2DA40959A3307174496996F1EEB04D79F63D1",
        "SPDXRef-File--ssh-add.exe-7C5744999DD87FE3CF1979BE7C784AD16D667DEB",
        "SPDXRef-File--FixUserFilePermissions.ps1-53CE66E203E485926A48895D40E51008687BC60D",
        "SPDXRef-File--openssh-events.man-39F0E1C5FDF3F456EEAF9F1A5696A7CA64617F86",
        "SPDXRef-File--moduli-07BBADDD000D6BFC1F3C30A314A5208A5F8B3AEF",
        "SPDXRef-File--ssh-sk-helper.exe-2955D7AA1923AD27FAA6070A1D54CD1E9438C47F",
        "SPDXRef-File--sftp-server.exe-320AB659ED2D9D37B810FE1FB06E24D339088683",
        "SPDXRef-File--libcrypto.dll-B49E5AB4382B2DFD49010AD9BA946552E405F78A",
        "SPDXRef-File--scp.exe-2ABEFD9433D259F04ED6B9CA7581A3DD89357B1D",
        "SPDXRef-File--install-sshd.ps1-E8DE36654624444AD4E7EDA339782857928F8387",
        "SPDXRef-File--ssh-keyscan.exe-4E3DAB6EEAEF80883DC3065BD29D28A5E31CB814",
        "SPDXRef-File--OpenSSHUtils.psd1-AC10375C2C0BD724881FEFC09824D28D1C27B30F",
        "SPDXRef-File--FixHostFilePermissions.ps1-A7E952FF88CEA8839BA642F2CD572A3E70D807B8",
        "SPDXRef-File--sshd-config-default-825CDEC4CF05869C74B01E7A1C8BF3C5E2C45CD8",
        "SPDXRef-File--ssh-agent.exe-F5EEC84C8C66BE1399198C21CB1F723FA066796C",
        "SPDXRef-File--NOTICE.txt-0C6BEDA8BE1A704C0C2615D4A481BACA0E56372D",
        "SPDXRef-File--ssh.exe-01C925DBD0C30A5C0DDF4AB06254D8A3E526A874",
        "SPDXRef-File--sftp.exe-ADDC7BDB7908AE54A45A9322C514903D9949952B",
        "SPDXRef-File--LICENSE.txt-A7739A32F1926D71A9EB22D101287ECEA09A6AC5"
      ]
    }
  ],
  "externalDocumentRefs": [
    {
      "externalDocumentId": "DocumentRef-LibreSSL-3.8.2-703648163083f513d486d8363f525021a6d08a91",
      "spdxDocument": "https://sbom.microsoft/1:2QSF7qZlbE-F7QrUJlEo7g:Ifmy0CRpKEe0S33n1Rdb-w/1750:435379/LibreSSL:3.8.2:ZQ-1YmWb40uaupP_NzN-UA",
      "checksum": {
        "algorithm": "SHA1",
        "checksumValue": "703648163083f513d486d8363f525021a6d08a91"
      }
    },
    {
      "externalDocumentId": "DocumentRef-ZLib-1.3-954c206cebfe20c7d8d6413fd131bebdc36f9039",
      "spdxDocument": "https://sbom.microsoft/1:2QSF7qZlbE-F7QrUJlEo7g:Ifmy0CRpKEe0S33n1Rdb-w/1748:435286/ZLib:1.3:31b8OLNRLEmOO3WeVkbPxQ",
      "checksum": {
        "algorithm": "SHA1",
        "checksumValue": "954c206cebfe20c7d8d6413fd131bebdc36f9039"
      }
    },
    {
      "externalDocumentId": "DocumentRef-libfido2-1.9.0-310bd4fa72cec9ee54e77223406471f26f78a856",
      "spdxDocument": "https://sbom.microsoft/1:2QSF7qZlbE-F7QrUJlEo7g:Ifmy0CRpKEe0S33n1Rdb-w/1853:435610/libfido2:1.9.0:93nfKlPFskqYActXB9ihUQ",
      "checksum": {
        "algorithm": "SHA1",
        "checksumValue": "310bd4fa72cec9ee54e77223406471f26f78a856"
      }
    }
  ],
  "relationships": [
    {
      "relationshipType": "PREREQUISITE_FOR",
      "relatedSpdxElement": "DocumentRef-libfido2-1.9.0-310bd4fa72cec9ee54e77223406471f26f78a856:SPDXRef-RootPackage",
      "spdxElementId": "SPDXRef-RootPackage"
    },
    {
      "relationshipType": "DESCRIBED_BY",
      "relatedSpdxElement": "SPDXRef-DOCUMENT",
      "spdxElementId": "SPDXRef-File--..-..-s-OSS-Microsoft-OpenSSH-Dev-contrib-win32-openssh-libfido2--manifest-spdx-2.2-manifest.spdx.json-310BD4FA72CEC9EE54E77223406471F26F78A856"
    },
    {
      "relationshipType": "DESCRIBES",
      "relatedSpdxElement": "SPDXRef-RootPackage",
      "spdxElementId": "SPDXRef-DOCUMENT"
    },
    {
      "relationshipType": "DEPENDS_ON",
      "relatedSpdxElement": "SPDXRef-Package-E1D6D1090EC004EF8E5ACE051FE39067A45BFF860C462BE7D8FC326764DFF027",
      "spdxElementId": "SPDXRef-RootPackage"
    },
    {
      "relationshipType": "PREREQUISITE_FOR",
      "relatedSpdxElement": "DocumentRef-ZLib-1.3-954c206cebfe20c7d8d6413fd131bebdc36f9039:SPDXRef-RootPackage",
      "spdxElementId": "SPDXRef-RootPackage"
    },
    {
      "relationshipType": "DEPENDS_ON",
      "relatedSpdxElement": "SPDXRef-Package-0E13AAD00D3394DF297FCA773EC1B0EDEF66F936E6C99311CBC4763108E2033B",
      "spdxElementId": "SPDXRef-RootPackage"
    },
    {
      "relationshipType": "DESCRIBED_BY",
      "relatedSpdxElement": "SPDXRef-DOCUMENT",
      "spdxElementId": "SPDXRef-File--..-..-s-OSS-Microsoft-OpenSSH-Dev-contrib-win32-openssh-LibreSSL--manifest-spdx-2.2-manifest.spdx.json-703648163083F513D486D8363F525021A6D08A91"
    },
    {
      "relationshipType": "DEPENDS_ON",
      "relatedSpdxElement": "SPDXRef-Package-0633FC36A057DF0C87EED52E5DEDF9B329FB7D81AAA4F276018A43EA45B452BD",
      "spdxElementId": "SPDXRef-RootPackage"
    },
    {
      "relationshipType": "DEPENDS_ON",
      "relatedSpdxElement": "SPDXRef-Package-EF6CDF9F1FC7596E226D734530809E9E82AD8AF8A15D3F13085AB4E09523033E",
      "spdxElementId": "SPDXRef-RootPackage"
    },
    {
      "relationshipType": "DEPENDS_ON",
      "relatedSpdxElement": "SPDXRef-Package-8E19BEDF1EF380B338DB20F1048FF763D0578C185910D40C62204AFA51D29532",
      "spdxElementId": "SPDXRef-RootPackage"
    },
    {
      "relationshipType": "DESCRIBED_BY",
      "relatedSpdxElement": "SPDXRef-DOCUMENT",
      "spdxElementId": "SPDXRef-File--..-..-s-OSS-Microsoft-OpenSSH-Dev-contrib-win32-openssh-ZLib--manifest-spdx-2.2-manifest.spdx.json-954C206CEBFE20C7D8D6413FD131BEBDC36F9039"
    },
    {
      "relationshipType": "DEPENDS_ON",
      "relatedSpdxElement": "SPDXRef-Package-E17DDC71403E9F2B1007C3A60AE26F724C7E742A1D6D5FBE9816B0532D7F73B9",
      "spdxElementId": "SPDXRef-RootPackage"
    },
    {
      "relationshipType": "DEPENDS_ON",
      "relatedSpdxElement": "SPDXRef-Package-66BF7592AFBC2CD50D9FC5F18ABAFA76ABBBF9C3F2847C95D1F99D150B3CE46D",
      "spdxElementId": "SPDXRef-RootPackage"
    },
    {
      "relationshipType": "PREREQUISITE_FOR",
      "relatedSpdxElement": "DocumentRef-LibreSSL-3.8.2-703648163083f513d486d8363f525021a6d08a91:SPDXRef-RootPackage",
      "spdxElementId": "SPDXRef-RootPackage"
    },
    {
      "relationshipType": "DEPENDS_ON",
      "relatedSpdxElement": "SPDXRef-Package-9E6200C7AEF3072AC50B4F0750F7AC3C0E12DF663CC774902350E2D9FD416A81",
      "spdxElementId": "SPDXRef-RootPackage"
    },
    {
      "relationshipType": "DEPENDS_ON",
      "relatedSpdxElement": "SPDXRef-Package-CABBB102315F68264C755296D76A974F23AAD1EFA8EF89711C4E89929131792F",
      "spdxElementId": "SPDXRef-RootPackage"
    }
  ],
  "spdxVersion": "SPDX-2.2",
  "dataLicense": "CC0-1.0",
  "SPDXID": "SPDXRef-DOCUMENT",
  "name": "OpenSSH v9.5.0.0",
  "documentNamespace": "https://sbom.microsoft/1:2QSF7qZlbE-F7QrUJlEo7g:Ifmy0CRpKEe0S33n1Rdb-w/1908:435989/OpenSSH:v9.5.0.0:noS-rsW3fUGEgS_5zE_zgg",
  "creationInfo": {
    "created": "2023-12-13T16:51:18Z",
    "creators": [
      "Organization: Microsoft",
      "Tool: Microsoft.SBOMTool-2.2.1"
    ]
  },
  "documentDescribes": [
    "SPDXRef-RootPackage"
  ]
}